,"deklination ","stamme"
"Ἀβιληνή,9,false","1. (-η)","α-stamme"
"ἄβυσσος,12,false","2.","ο-stamme"
"Ἅγαβος,13,false","2.","ο-stamme"
"ἀγαθοποιΐα,16,false","1. (-ᾱ)","α-stamme"
"ἀγαθωσύνη,19,false","1. (-η)","α-stamme"
"ἀγαλλίασις,20,false","3.","ι-stamme"
"ἄγαμος,22,false","2.","ο-stamme"
"ἀγανάκτησις,24,false","3.","ι-stamme"
"ἀγάπη,26,false","1. (-η)","α-stamme"
"ἀγγεῖον,30,false","2.","ο-stamme"
"ἀγγελία,31,false","1. (-ᾱ)","α-stamme"
"ἄγγελος,32,false","2.","ο-stamme"
"ἄγγος,30,true","3.","ς-stamme"
"ἀγέλη,34,false","1. (-η)","α-stamme"
"ἁγιασμός,38,false","2.","ο-stamme"
"ἁγιότης,41,false","3.","τ-stamme"
"ἁγιωσύνη,42,false","1. (-η)","α-stamme"
"ἀγκάλη,43,false","1. (-η)","α-stamme"
"ἄγκιστρον,44,false","2.","ο-stamme"
"ἄγκυρα,45,false","1. (-ᾱ)","α-stamme"
"ἁγνεία,47,false","1. (-ᾱ)","α-stamme"
"ἁγνισμός,49,false","2.","ο-stamme"
"ἀγνόημα,51,false","3.","τ-stamme"
"ἄγνοια,52,false","1. (-ᾱ)","α-stamme"
"ἁγνότης,54,false","3.","τ-stamme"
"ἀγνωσία,56,false","1. (-ᾱ)","α-stamme"
"ἀγορά,58,false","1. (-ᾱ)","α-stamme"
"ἄγρα,61,false","1. (-ᾱ)","α-stamme"
"ἀγριέλαιος,65,false","2.","ο-stamme"
"Ἀγρίππας,67,false","1. (-ᾱ; dorisk genitiv)","α-stamme"
"ἀγρός,68,false","2.","ο-stamme"
"ἀγρυπνία,70,false","1. (-ᾱ)","α-stamme"
"ἀγωγή,72,false","1. (-η)","α-stamme"
"ἀγών,73,false","3.","ν-stamme"
"ἀγωνία,74,false","1. (-ᾱ)","α-stamme"
"ἀδελφή,79,false","1. (-η)","α-stamme"
"ἀδελφός,80,false","2.","ο-stamme"
"ἀδελφότης,81,false","3.","τ-stamme"
"ἀδηλότης,83,false","3.","τ-stamme"
"ᾅδης,86,false","1. (-η)","α-stamme"
"ἀδίκημα,92,false","3.","τ-stamme"
"ἀδικία,93,false","1. (-ᾱ)","α-stamme"
"Ἀδρίας,99,false","1. (-ᾱ)","α-stamme"
"ἁδρότης,100,false","3.","τ-stamme"
"ἀετός,105,false","2.","ο-stamme"
"Ἄζωτος,108,false","2.","ο-stamme"
"ἀήρ,109,false","3.","ρ-stamme"
"ἀθανασία,110,false","1. (-ᾱ)","α-stamme"
"ἀθέτησις,115,false","3.","ι-stamme"
"Ἀθῆναι,116,false","1. (-η)","α-stamme"
"ἄθλησις,119,false","3.","ι-stamme"
"αἰγιαλός,123,false","2.","ο-stamme"
"Αἴγυπτος,125,false","2.","ο-stamme"
"αἰδώς,127,false","3.","ω-stamme"
"Αἰθίοψ,128,false","3.","π-stamme"
"αἷμα,129,false","3.","τ-stamme"
"αἱματεκχυσία,130,false","1. (-ᾱ)","α-stamme"
"Αἰνέας,132,false","1. (-ᾱ)","α-stamme"
"αἴνεσις,133,false","3.","ι-stamme"
"αἴνιγμα,135,false","3.","τ-stamme"
"αἶνος,136,false","2.","ο-stamme"
"αἵρεσις,139,false","3.","ι-stamme"
"αἴσθησις,144,false","3.","ι-stamme"
"αἰσθητήριον,145,false","2.","ο-stamme"
"αἰσχρολογία,148,false","1. (-ᾱ)","α-stamme"
"αἰσχρότης,151,false","3.","τ-stamme"
"αἰσχύνη,152,false","1. (-η)","α-stamme"
"αἴτημα,155,false","3.","τ-stamme"
"αἰτία,156,false","1. (-ᾱ)","α-stamme"
"αἰτίωμα,157,false","3.","τ-stamme"
"αἰχμαλωσία,161,false","1. (-ᾱ)","α-stamme"
"αἰχμάλωτος,164,false","2.","ο-stamme"
"αἰών,165,false","3.","ν-stamme"
"ἀκαθαρσία,167,false","1. (-ᾱ)","α-stamme"
"ἄκανθα,173,false","1. (-ᾰ)","α-stamme"
"ἀκαταστασία,181,false","1. (-ᾱ)","α-stamme"
"ἀκμήν,188,false","1. (-η)","α-stamme"
"ἀκοή,189,false","1. (-η)","α-stamme"
"ἀκρασία,192,false","1. (-ᾱ)","α-stamme"
"ἀκρίβεια,195,false","1. (-ᾱ)","α-stamme"
"ἀκρίς,200,false","3.","δ-stamme"
"ἀκροατήριον,201,false","2.","ο-stamme"
"ἀκροατής,202,false","1. (-ᾱ)","α-stamme"
"ἀκροβυστία,203,false","1. (-ᾱ)","α-stamme"
"ἀκροθίνιον,205,false","2.","ο-stamme"
"ἄκρον,206,false","2.","ο-stamme"
"Ἀκύλας,207,false","1. (-ᾱ)","α-stamme"
"ἀλάβαστρος,211,false","2.","ο-stamme"
"ἀλαζονεία,212,false","1. (-ᾱ)","α-stamme"
"ἀλαζών,213,false","3.","ν-stamme"
"ἅλας,217,false","3.","τ-stamme"
"ἀλεκτοροφωνία,219,false","1. (-ᾱ)","α-stamme"
"ἀλέκτωρ,220,false","3.","ρ-stamme"
"Ἀλεξανδρεύς,221,false","3.","ευ-stamme"
"Ἀλέξανδρος,223,false","2.","ο-stamme"
"ἄλευρον,224,false","2.","ο-stamme"
"ἀλήθεια,225,false","1. (-ᾱ)","α-stamme"
"ἁλιεύς,231,false","3.","ευ-stamme"
"ἀλίσγημα,234,false","3.","τ-stamme"
"ἀλλοτριεπίσκοπος,244,false","2.","ο-stamme"
"ἀλόη,250,false","1. (-η)","α-stamme"
"ἅλυσις,254,false","3.","ι-stamme"
"Ἁλφαῖος,256,false","2.","ο-stamme"
"ἅλων,257,false","3.","ν-stamme"
"ἀλώπηξ,258,false","3.","κ-stamme"
"ἅλωσις,259,false","3.","ι-stamme"
"ἁμάρτημα,265,false","3.","τ-stamme"
"ἁμαρτία,266,false","1. (-ᾱ)","α-stamme"
"ἀμέθυστος,271,false","2.","ο-stamme"
"ἄμμος,285,false","2.","ο-stamme"
"ἀμνός,286,false","2.","ο-stamme"
"ἀμοιβή,287,false","1. (-η)","α-stamme"
"ἄμπελος,288,false","2.","ο-stamme"
"ἀμπελουργός,289,false","2.","ο-stamme"
"ἀμπελών,290,false","3.","ν-stamme"
"Ἀμπλιᾶτος,291,false","2.","ο-stamme"
"ἀμφίβληστρον,293,false","2.","ο-stamme"
"Ἀμφίπολις,295,false","3.","ι-stamme"
"ἄμφοδον,296,false","2.","ο-stamme"
"ἄμωμον,299,true","2.","ο-stamme"
"ἀναβαθμός,304,false","2.","ο-stamme"
"ἀνάβλεψις,309,false","3.","ι-stamme"
"ἀναβολή,311,false","1. (-η)","α-stamme"
"ἀνάγαιον,508,false","2.","ο-stamme"
"ἀνάγκη,318,false","1. (-η)","α-stamme"
"ἀνάγνωσις,320,false","3.","ι-stamme"
"ἀνάδειξις,323,false","3.","ι-stamme"
"ἀνάθεμα,331,false","3.","τ-stamme"
"ἀνάθημα,334,false","3.","τ-stamme"
"ἀναίδεια,335,false","1. (-ᾱ)","α-stamme"
"ἀναίρεσις,336,false","3.","ι-stamme"
"ἀνακαίνωσις,342,false","3.","ι-stamme"
"ἀνάκρισις,351,false","3.","ι-stamme"
"ἀνάλημψις,354,false","3.","ι-stamme"
"ἀναλογία,356,false","1. (-ᾱ)","α-stamme"
"ἀνάλυσις,359,false","3.","ι-stamme"
"ἀνάμνησις,364,false","3.","ι-stamme"
"Ἁνανίας,367,false","1. (-ᾱ)","α-stamme"
"ἀνάπαυσις,372,false","3.","ι-stamme"
"ἀνάστασις,386,false","3.","ι-stamme"
"ἀναστροφή,391,false","1. (-η)","α-stamme"
"ἀνατολή,395,false","1. (-η)","α-stamme"
"ἀνάχυσις,401,false","3.","ι-stamme"
"ἀνάψυξις,403,false","3.","ι-stamme"
"ἀνδραποδιστής,405,false","1. (-η)","α-stamme"
"Ἀνδρέας,406,false","1. (-η)","α-stamme"
"Ἀνδρόνικος,408,false","2.","ο-stamme"
"ἀνδροφόνος,409,false","2.","ο-stamme"
"ἄνεμος,417,false","2.","ο-stamme"
"ἄνεσις,425,false","3.","ι-stamme"
"ἀνεψιός,431,false","2.","ο-stamme"
"ἄνηθον,432,false","2.","ο-stamme"
"ἀνήρ,435,false","uregelmæssig","uregelmæssig"
"ἄνθος,438,false","3.","ς-stamme"
"ἀνθρακιά,439,false","1. (-ᾱ)","α-stamme"
"ἄνθραξ,440,false","3.","κ-stamme"
"ἄνθρωπος,444,false","2.","ο-stamme"
"ἀνθύπατος,446,false","2.","ο-stamme"
"Ἅννα,451,false","1. (-ᾱ)","α-stamme"
"Ἅννας,452,false","1. (-ᾱ; dorisk genitiv)","α-stamme"
"ἄνοια,454,false","1. (-ᾱ)","α-stamme"
"ἄνοιξις,457,false","3.","ι-stamme"
"ἀνομία,458,false","1. (-ᾱ)","α-stamme"
"ἀνοχή,463,false","1. (-η)","α-stamme"
"ἀντάλλαγμα,465,false","3.","τ-stamme"
"ἀνταπόδομα,468,false","3.","τ-stamme"
"ἀνταπόδοσις,469,false","3.","ι-stamme"
"ἀντίδικος,476,false","2.","ο-stamme"
"ἀντίθεσις,477,false","3.","ι-stamme"
"ἀντίλημψις,484,false","3.","ι-stamme"
"ἀντιλογία,485,false","1. (-ᾱ)","α-stamme"
"ἀντίλυτρον,487,false","2.","ο-stamme"
"ἀντιμισθία,489,false","1. (-ᾱ)","α-stamme"
"Ἀντιόχεια,490,false","1. (-ᾱ)","α-stamme"
"Ἀντιοχεύς,491,false","3.","ευ-stamme"
"Ἀντιπᾶς,493,false","1. (-ᾱ)","α-stamme"
"Ἀντιπατρίς,494,false","3.","δ-stamme"
"ἀντίχριστος,500,false","2.","ο-stamme"
"ἄντλημα,502,false","3.","τ-stamme"
"ἀξίνη,513,false","1. (-η)","α-stamme"
"ἀπάντησις,529,false","3.","ι-stamme"
"ἀπαρτισμός,535,false","2.","ο-stamme"
"ἀπαρχή,536,false","1. (-η)","α-stamme"
"ἀπάτη,539,false","1. (-η)","α-stamme"
"ἀπαύγασμα,541,false","3.","τ-stamme"
"ἀπείθεια,543,false","1. (-ᾱ)","α-stamme"
"ἀπειλή,547,false","1. (-η)","α-stamme"
"ἀπέκδυσις,555,false","3.","ι-stamme"
"ἀπελεγμός,557,false","2.","ο-stamme"
"ἀπελεύθερος,558,false","2.","ο-stamme"
"Ἀπελλῆς,559,false","1. (-ᾱ)","α-stamme"
"ἀπιστία,570,false","1. (-ᾱ)","α-stamme"
"ἁπλότης,572,false","3.","τ-stamme"
"ἀποβολή,580,false","1. (-η)","α-stamme"
"ἀπογραφή,582,false","1. (-η)","α-stamme"
"ἀπόδειξις,585,false","3.","ι-stamme"
"ἀποδοχή,594,false","1. (-η)","α-stamme"
"ἀπόθεσις,595,false","3.","ι-stamme"
"ἀποθήκη,596,false","1. (-η)","α-stamme"
"ἀποκάλυψις,602,false","3.","ι-stamme"
"ἀποκαραδοκία,603,false","1. (-ᾱ)","α-stamme"
"ἀποκατάστασις,605,false","3.","ι-stamme"
"ἀπόκριμα,610,false","3.","τ-stamme"
"ἀπόκρισις,612,false","3.","ι-stamme"
"ἀπόλαυσις,619,false","3.","ι-stamme"
"Ἀπολλύων,623,false","3.","ν-stamme"
"Ἀπολλωνία,624,false","1. (-ᾱ)","α-stamme"
"Ἀπολλῶς,625,false","2.","ο-stamme"
"ἀπολογία,627,false","1. (-ᾱ)","α-stamme"
"ἀπολύτρωσις,629,false","3.","ι-stamme"
"ἀπορία,640,false","1. (-ᾱ)","α-stamme"
"ἀποσκίασμα,644,false","3.","τ-stamme"
"ἀποστασία,646,false","1. (-ᾱ)","α-stamme"
"ἀποστάσιον,647,false","2.","ο-stamme"
"ἀποστολή,651,false","1. (-η)","α-stamme"
"ἀπόστολος,652,false","2.","ο-stamme"
"ἀποτομία,663,false","1. (-ᾱ)","α-stamme"
"ἀπουσία,666,false","1. (-ᾱ)","α-stamme"
"ἀπόχρησις,671,false","3.","ι-stamme"
"Ἀππίου Φόρον,5410,false","2.","ο-stamme"
"Ἀππίου Φόρον,675,false","2.","ο-stamme"
"Ἀπφία,682,false","1. (-ᾱ)","α-stamme"
"ἀπώλεια,684,false","1. (-ᾱ)","α-stamme"
"ἀρά,685,false","1. (-ᾱ)","α-stamme"
"Ἀραβία,688,false","1. (-ᾱ)","α-stamme"
"Ἄραψ,690,false","3.","β-stamme"
"ἀργύριον,694,false","2.","ο-stamme"
"ἀργυροκόπος,695,false","2.","ο-stamme"
"ἄργυρος,696,false","2.","ο-stamme"
"Ἄρειος Πάγος,697,false","2.","ο-stamme"
"Ἀρεοπαγίτης,698,false","1. (-η)","α-stamme"
"ἀρεσκεία,699,false","1. (-ᾱ)","α-stamme"
"Ἁρέτας,702,false","1. (-ᾱ; dorisk genitiv)","α-stamme"
"ἀρετή,703,false","1. (-η)","α-stamme"
"ἀρήν,704,false","3.","ν-stamme"
"ἀριθμός,706,false","2.","ο-stamme"
"Ἀριμαθαία,707,false","1. (-ᾱ)","α-stamme"
"Ἁριμαθαία,707,false","1. (-ᾱ)","α-stamme"
"Ἀρίσταρχος,708,false","2.","ο-stamme"
"Ἀριστόβουλος,711,false","2.","ο-stamme"
"ἄριστον,712,false","2.","ο-stamme"
"ἄρκος,715,false","2.","ο-stamme"
"ἅρμα,716,false","3.","τ-stamme"
"ἁρμός,719,false","2.","ο-stamme"
"ἀρνίον,721,false","2.","ο-stamme"
"ἄροτρον,723,false","2.","ο-stamme"
"ἁρπαγή,724,false","1. (-η)","α-stamme"
"ἁρπαγμός,725,false","2.","ο-stamme"
"ἀρραβών,728,false","3.","ν-stamme"
"ἀρσενοκοίτης,733,false","2.","ο-stamme"
"Ἀρτεμᾶς,734,false","1. (-ᾱ)","α-stamme"
"Ἄρτεμις,735,false","3.","δ-stamme"
"ἀρτέμων,736,false","3.","ν-stamme"
"ἄρτος,740,false","2.","ο-stamme"
"ἀρχάγγελος,743,false","2.","ο-stamme"
"Ἀρχέλαος,745,false","2.","ο-stamme"
"ἀρχή,746,false","1. (-η)","α-stamme"
"ἀρχηγός,747,false","2.","ο-stamme"
"ἀρχιερεύς,749,false","3.","ευ-stamme"
"ἀρχιποίμην,750,false","3.","ν-stamme"
"Ἄρχιππος,751,false","2.","ο-stamme"
"ἀρχισυνάγωγος,752,false","2.","ο-stamme"
"ἀρχιτέκτων,753,false","3.","ν-stamme"
"ἀρχιτελώνης,754,false","2.","ο-stamme"
"ἀρχιτρίκλινος,755,false","2.","ο-stamme"
"ἄρχων,758,false","3.","ντ-stamme"
"ἄρωμα,759,false","3.","τ-stamme"
"ἀσέβεια,763,false","1. (-ᾱ)","α-stamme"
"ἀσέλγεια,766,false","1. (-ᾱ)","α-stamme"
"ἀσθένεια,769,false","1. (-ᾱ)","α-stamme"
"ἀσθένημα,771,false","3.","τ-stamme"
"Ἀσία,773,false","1. (-ᾱ)","α-stamme"
"Ἀσιανός,774,false","2.","ο-stamme"
"Ἀσιάρχης,775,false","1. (-η)","α-stamme"
"ἀσιτία,776,false","1. (-ᾱ)","α-stamme"
"ἀσκός,779,false","2.","ο-stamme"
"ἀσπασμός,783,false","2.","ο-stamme"
"ἀσπίς,785,false","3.","δ-stamme"
"ἀσσάριον,787,false","2.","ο-stamme"
"ἀστήρ,792,false","3.","ρ-stamme"
"ἀστραπή,796,false","1. (-η)","α-stamme"
"ἄστρον,798,false","2.","ο-stamme"
"Ἀσύγκριτος,799,false","2.","ο-stamme"
"ἀσφάλεια,803,false","1. (-ᾱ)","α-stamme"
"ἀσχημοσύνη,808,false","1. (-η)","α-stamme"
"ἀσωτία,810,false","1. (-ᾱ)","α-stamme"
"ἀτιμία,819,false","1. (-ᾱ)","α-stamme"
"ἀτμίς,822,false","3.","δ-stamme"
"Ἀττάλεια,825,false","1. (-ᾱ)","α-stamme"
"αὐγή,827,false","1. (-η)","α-stamme"
"Αὐγοῦστος,828,false","2.","ο-stamme"
"αὐλή,833,false","1. (-η)","α-stamme"
"αὐλητής,834,false","1. (-η)","α-stamme"
"αὐλός,836,false","2.","ο-stamme"
"αὔξησις,838,false","3.","ι-stamme"
"αὐτάρκεια,841,false","1. (-ᾱ)","α-stamme"
"αὐτόπτης,845,false","1. (-η)","α-stamme"
"ἀφανισμός,854,false","2.","ο-stamme"
"ἀφεδρών,856,false","3.","ν-stamme"
"ἀφειδία,857,false","1. (-ᾱ)","α-stamme"
"ἀφελότης,858,false","3.","τ-stamme"
"ἄφεσις,859,false","3.","ι-stamme"
"ἁφή,860,false","1. (-η)","α-stamme"
"ἀφθαρσία,861,false","1. (-ᾱ)","α-stamme"
"ἀφθορία,861,true","1. (-ᾱ)","α-stamme"
"ἄφιξις,867,false","3.","ι-stamme"
"ἀφορμή,874,false","1. (-η)","α-stamme"
"ἀφρός,876,false","2.","ο-stamme"
"ἀφροσύνη,877,false","1. (-η)","α-stamme"
"Ἀχαΐα,882,false","1. (-ᾱ)","α-stamme"
"Ἀχαϊκός,883,false","2.","ο-stamme"
"ἀχλύς,887,false","3.","υ-stamme"
"ἄχυρον,892,false","2.","ο-stamme"
"ἄψινθος,894,false","2.","ο-stamme"
"Βαβυλών,897,false","3.","ν-stamme"
"βαθμός,898,false","2.","ο-stamme"
"βάθος,899,false","2.","ο-stamme"
"βάϊον,902,false","2.","ο-stamme"
"βαλλάντιον,905,false","2.","ο-stamme"
"βάπτισμα,908,false","3.","τ-stamme"
"βαπτισμός,909,false","2.","ο-stamme"
"βαπτιστής,910,false","1. (-η)","α-stamme"
"Βαραββᾶς,912,false","1. (-ᾱ)","α-stamme"
"Βαραχίας,914,false","1. (-ᾱ)","α-stamme"
"Βαρθολομαῖος,918,false","2.","ο-stamme"
"Βαριησοῦς,919,false","uregelmæssig","uregelmæssig "
"Βαρναβᾶς,921,false","1. (-ᾱ)","α-stamme"
"βάρος,922,false","3.","ς-stamme"
"Βαρσαββᾶς,923,false","1. (-ᾱ)","α-stamme"
"Βαρτιμαῖος,924,false","2.","ο-stamme"
"βασανισμός,929,false","2.","ο-stamme"
"βασανιστής,930,false","1. (-η)","α-stamme"
"βάσανος,931,false","2.","ο-stamme"
"βασιλεία,932,false","1. (-ᾱ)","α-stamme"
"βασιλεύς,935,false","3.","ευ-stamme"
"βασίλισσα,938,false","1. (-ᾰ)","α-stamme"
"βάσις,939,false","3.","ι-stamme"
"βάτος (I),942,false","2.","ο-stamme"
"βάτος (II),943,false","2.","ο-stamme"
"βάτραχος,944,false","2.","ο-stamme"
"βδέλυγμα,946,false","3.","τ-stamme"
"βεβαίωσις,951,false","3.","ι-stamme"
"βελόνης,956,true","1. (-η)","α-stamme"
"βέλος,956,false","3.","ς-stamme"
"Βερνίκη,959,false","1. (-η)","α-stamme"
"Βέροια,960,false","1. (-ᾱ)","α-stamme"
"Βηθανία,963,false","1. (-ᾱ)","α-stamme"
"βῆμα,968,false","3.","τ-stamme"
"βήρυλλος,969,false","2.","ο-stamme"
"βία,970,false","1. (-ᾱ)","α-stamme"
"βιαστής,973,false","1. (-η)","α-stamme"
"βιβλαρίδιον,974,false","2.","ο-stamme"
"βιβλίον,975,false","2.","ο-stamme"
"βίβλος,976,false","2.","ο-stamme"
"Βιθυνία,978,false","1. (-ᾱ)","α-stamme"
"βίος,979,false","2.","ο-stamme"
"βίωσις,981,false","3.","ι-stamme"
"Βλάστος,986,false","2.","ο-stamme"
"βλασφημία,988,false","1. (-ᾱ)","α-stamme"
"βλέμμα,990,false","3.","τ-stamme"
"βοή,995,false","1. (-η)","α-stamme"
"βοήθεια,996,false","1. (-ᾱ)","α-stamme"
"βοηθός,998,false","2.","ο-stamme"
"βόθυνος,999,false","2.","ο-stamme"
"βολή,1000,false","1. (-η)","α-stamme"
"βόρβορος,1004,false","2.","ο-stamme"
"βορρᾶς,1005,false","1. (-ᾱ)","α-stamme"
"βοτάνη,1008,false","1. (-η)","α-stamme"
"βότρυς,1009,false","3.","ς-stamme"
"βουλευτής,1010,false","1. (-η)","α-stamme"
"βουλή,1012,false","1. (-η)","α-stamme"
"βούλημα,1013,false","3.","τ-stamme"
"βουνός,1015,false","2.","ο-stamme"
"βοῦς,1016,false","3.","ου-stamme"
"βραβεῖον,1017,false","2.","ο-stamme"
"βραδύτης,1022,false","3.","τ-stamme"
"βραχίων,1023,false","3.","ν-stamme"
"βρέφος,1025,false","3.","ς-stamme"
"βροντή,1027,false","1. (-η)","α-stamme"
"βροχή,1028,false","1. (-η)","α-stamme"
"βρόχος,1029,false","2.","ο-stamme"
"βρυγμός,1030,false","2.","ο-stamme"
"βρῶμα,1033,false","3.","τ-stamme"
"βρῶσις,1035,false","3.","ι-stamme"
"βυθός,1037,false","2.","ο-stamme"
"βυρσεύς,1038,false","3.","ευ-stamme"
"βύσσος,1040,false","2.","ο-stamme"
"βωμός,1041,false","2.","ο-stamme"
"γάγγραινα,1044,false","1. (-ᾰ)","α-stamme"
"γάζα,1047,false","1. (-ᾰ)","α-stamme"
"Γάζα,1048,false","1. (-ᾰ)","α-stamme"
"γαζοφυλάκιον,1049,false","2.","ο-stamme"
"Γάϊος,1050,false","2.","ο-stamme"
"γάλα,1051,false","3.","κτ-stamme"
"Γαλάτης,1052,false","1. (-η)","α-stamme"
"Γαλατία,1053,false","1. (-ᾱ)","α-stamme"
"γαλήνη,1055,false","1. (-η)","α-stamme"
"Γαλιλαία,1056,false","1. (-ᾱ)","α-stamme"
"Γαλιλαῖος,1057,false","2.","ο-stamme"
"Γαλλίων,1058,false","3.","ν-stamme"
"γάμος,1062,false","2.","ο-stamme"
"γαστήρ,1064,false","3.","ρ-stamme"
"γέεννα,1067,false","1. (-ᾰ)","α-stamme"
"γείτων,1069,false","3.","ν-stamme"
"γέλως,1071,false","3.","τ-stamme"
"γενεά,1074,false","1. (-ᾱ)","α-stamme"
"γενεαλογία,1076,false","1. (-ᾱ)","α-stamme"
"γενέσια,1077,false","1. (-ᾱ)","α-stamme"
"γένεσις,1078,false","3.","ι-stamme"
"γενετή,1079,false","1. (-η)","α-stamme"
"γέννημα,1081,false","3.","τ-stamme"
"γένος,1085,false","3.","ς-stamme"
"Γερασηνός,1086,true","2.","ο-stamme"
"γερουσία,1087,false","1. (-ᾱ)","α-stamme"
"γέρων,1088,false","3.","ντ-stamme"
"γεώργιον,1091,false","2.","ο-stamme"
"γεωργός,1092,false","2.","ο-stamme"
"γῆ,1093,false","1. (-η)","α-stamme"
"γῆρας,1094,false","3.","ς-stamme"
"γλεῦκος,1098,false","3.","ς-stamme"
"γλῶσσα,1100,false","1. (-ᾰ)","α-stamme"
"γλωσσόκομον,1101,false","2.","ο-stamme"
"γναφεύς,1102,false","3.","ευ-stamme"
"γνόφος,1105,false","2.","ο-stamme"
"γνώμη,1106,false","1. (-η)","α-stamme"
"γνῶσις,1108,false","3.","ι-stamme"
"γνώστης,1109,false","1. (-η)","α-stamme"
"γογγυσμός,1112,false","2.","ο-stamme"
"γογγυστής,1113,false","1. (-η)","α-stamme"
"γόης,1114,false","3.","τ-stamme"
"Γολγοθᾶ,1115,false","uregelmæssig","uregelmæssig"
"Γόμορρα,1116,false","1. (-ᾱ)","α-stamme"
"γόμος,1117,false","2.","ο-stamme"
"γονεύς,1118,false","3.","ευ-stamme"
"γόνυ,1119,false","3.","τ-stamme"
"γράμμα,1121,false","3.","τ-stamme"
"γραμματεύς,1122,false","3.","ευ-stamme"
"γραφή,1124,false","1. (-η)","α-stamme"
"γυμνασία,1129,false","1. (-ᾱ)","α-stamme"
"γυμνότης,1132,false","3.","τ-stamme"
"γυναικάριον,1133,false","2.","ο-stamme"
"γυνή,1135,false","uregelmæssig","uregelmæssig "
"γωνία,1137,false","1. (-ᾱ)","α-stamme"
"δαιμόνιον,1140,false","2.","ο-stamme"
"δαίμων,1142,false","3.","ν-stamme"
"δάκρυον,1144,false","2.","ο-stamme"
"δακτύλιος,1146,false","2.","ο-stamme"
"δάκτυλος,1147,false","2.","ο-stamme"
"Δαλματία,1149,false","1. (-ᾱ)","α-stamme"
"δάμαλις,1151,false","3.","ι-stamme"
"Δάμαρις,1152,false","3.","ι-stamme"
"Δαμασκός,1154,false","2.","ο-stamme"
"δάνειον,1156,false","2.","ο-stamme"
"δανιστής,1157,false","1. (-η)","α-stamme"
"δαπάνη,1160,false","1. (-η)","α-stamme"
"δέησις,1162,false","3.","ι-stamme"
"δεῖγμα,1164,false","3.","τ-stamme"
"δειλία,1167,false","1. (-ᾱ)","α-stamme"
"δεῖπνον,1173,false","2.","ο-stamme"
"δεισιδαιμονία,1175,false","1. (-ᾱ)","α-stamme"
"Δεκάπολις,1179,false","3.","ι-stamme"
"δένδρον,1186,false","2.","ο-stamme"
"δεξιολάβος,1187,false","2.","ο-stamme"
"δέος,1169,true","3.","ς-stamme"
"Δέρβη,1191,false","1. (-η)","α-stamme"
"δέρμα,1192,false","3.","τ-stamme"
"δέσμη,1197,false","1. (-η)","α-stamme"
"δέσμιος,1198,false","2.","ο-stamme"
"δεσμός,1199,false","2.","ο-stamme"
"δεσμοφύλαξ,1200,false","3.","κ-stamme"
"δεσμωτήριον,1201,false","2.","ο-stamme"
"δεσμώτης,1202,false","1. (-η)","α-stamme"
"δεσπότης,1203,false","1. (-η)","α-stamme"
"Δημᾶς,1214,false","1. (-ᾱ)","α-stamme"
"Δημήτριος,1216,false","2.","ο-stamme"
"δημιουργός,1217,false","2.","ο-stamme"
"δῆμος,1218,false","2.","ο-stamme"
"δηνάριον,1220,false","2.","ο-stamme"
"διάγνωσις,1233,false","3.","ι-stamme"
"διάδημα,1238,false","3.","τ-stamme"
"διάδοχος,1240,false","2.","ο-stamme"
"διαθήκη,1242,false","1. (-η)","α-stamme"
"διαίρεσις,1243,false","3.","ι-stamme"
"διακονία,1248,false","1. (-ᾱ)","α-stamme"
"διάκονος,1249,false","2.","ο-stamme"
"διάκρισις,1253,false","3.","ι-stamme"
"διάλεκτος,1258,false","2.","ο-stamme"
"διαλογισμός,1261,false","2.","ο-stamme"
"διαμερισμός,1267,false","2.","ο-stamme"
"διανόημα,1270,false","3.","τ-stamme"
"διάνοια,1271,false","1. (-ᾱ)","α-stamme"
"διαπαρατριβή,3859,true","1. (-η)","α-stamme"
"διασπορά,1290,false","1. (-ᾱ)","α-stamme"
"διάστημα,1292,false","3.","τ-stamme"
"διαστολή,1293,false","1. (-η)","α-stamme"
"διαταγή,1296,false","1. (-η)","α-stamme"
"διάταγμα,1297,false","3.","τ-stamme"
"διατροφή,1305,false","1. (-η)","α-stamme"
"διαφθορά,1312,false","1. (-ᾱ)","α-stamme"
"διδασκαλία,1319,false","1. (-ᾱ)","α-stamme"
"διδάσκαλος,1320,false","2.","ο-stamme"
"διδαχή,1322,false","1. (-η)","α-stamme"
"δίδραχμον,1323,false","2.","ο-stamme"
"Δίδυμος,1324,false","2.","ο-stamme"
"διέξοδος,1327,false","2.","ο-stamme"
"διερμηνευτής,1328,false","1. (-η)","α-stamme"
"διετία,1333,false","1. (-ᾱ)","α-stamme"
"διήγησις,1335,false","3.","ι-stamme"
"δικαιοκρισία,1341,false","1. (-ᾱ)","α-stamme"
"δικαιοσύνη,1343,false","1. (-η)","α-stamme"
"δικαίωμα,1345,false","3.","τ-stamme"
"δικαίωσις,1347,false","3.","ι-stamme"
"δικαστής,1348,false","1. (-η)","α-stamme"
"δίκη,1349,false","1. (-η)","α-stamme"
"δίκτυον,1350,false","2.","ο-stamme"
"Διονύσιος,1354,false","2.","ο-stamme"
"διόρθωμα,1357,true","3.","τ-stamme"
"διόρθωσις,1357,false","3.","ι-stamme"
"Διόσκουροι,1359,false","2.","ο-stamme"
"Διοτρέφης,1361,false","3.","ς-stamme"
"δισμυριάς,3461,false","3.","δ-stamme"
"διχοστασία,1370,false","1. (-ᾱ)","α-stamme"
"δίψος,1373,false","3.","ς-stamme"
"διωγμός,1375,false","2.","ο-stamme"
"διώκτης,1376,false","1. (-η)","α-stamme"
"δόγμα,1378,false","3.","τ-stamme"
"δοκιμασία,1382,true","1. (-ᾱ)","α-stamme"
"δοκιμή,1382,false","1. (-η)","α-stamme"
"δοκίμιον,1383,false","2.","ο-stamme"
"δοκός,1385,false","2.","ο-stamme"
"δόλος,1388,false","2.","ο-stamme"
"δόμα,1390,false","3.","τ-stamme"
"δόξα,1391,false","1. (-ᾰ)","α-stamme"
"Δορκάς,1393,false","3.","δ-stamme"
"δόσις,1394,false","3.","ι-stamme"
"δότης,1395,false","1. (-η)","α-stamme"
"δουλεία,1397,false","1. (-ᾱ)","α-stamme"
"δούλη,1399,false","1. (-η)","α-stamme"
"δοῦλος (II),1401,false","2.","ο-stamme"
"δοχή,1403,false","1. (-η)","α-stamme"
"δράκων,1404,false","3.","ντ-stamme"
"δραχμή,1406,false","1. (-η)","α-stamme"
"δρέπανον,1407,false","2.","ο-stamme"
"δρόμος,1408,false","2.","ο-stamme"
"Δρούσιλλα,1409,false","1. (-ᾰ)","α-stamme"
"δύναμις,1411,false","3.","ι-stamme"
"δυνάστης,1413,false","1. (-η)","α-stamme"
"δυσεντέριον,1420,false","2.","ο-stamme"
"δύσις,1424,true","3.","ι-stamme"
"δυσμή,1424,false","1. (-η)","α-stamme"
"δυσφημία,1426,false","1. (-ᾱ)","α-stamme"
"δωδεκάφυλον,1429,false","2.","ο-stamme"
"δῶμα,1430,false","3.","τ-stamme"
"δωρεά,1431,false","1. (-ᾱ)","α-stamme"
"δώρημα,1434,false","3.","τ-stamme"
"δῶρον,1435,false","2.","ο-stamme"
"Ἑβραΐς,1446,false","3.","δ-stamme"
"ἔγερσις,1454,false","3.","ι-stamme"
"ἐγκαίνια,1456,false","1. (-ᾱ)","α-stamme"
"ἔγκλημα,1462,false","3.","τ-stamme"
"ἐγκοπή,1464,false","1. (-η)","α-stamme"
"ἐγκράτεια,1466,false","1. (-ᾱ)","α-stamme"
"ἔγκυος,1471,false","2.","ο-stamme"
"ἔδαφος,1475,false","3.","ς-stamme"
"ἑδραίωμα,1477,false","3.","τ-stamme"
"Ἑζεκίας,1478,false","1. (-ᾱ)","α-stamme"
"ἐθελοθρησκία,1479,false","1. (-ᾱ)","α-stamme"
"ἐθνάρχης,1481,false","1. (-η)","α-stamme"
"ἔθνος,1484,false","3.","ς-stamme"
"ἔθος,1485,false","3.","ς-stamme"
"εἰδέα,2397,false","1. (-ᾱ)","α-stamme"
"εἶδος,1491,false","3.","ς-stamme"
"εἰδωλεῖον,1493,false","2.","ο-stamme"
"εἰδωλολάτρης,1496,false","2.","ο-stamme"
"εἰδωλολατρία,1495,false","1. (-ᾱ)","α-stamme"
"εἴδωλον,1497,false","2.","ο-stamme"
"εἰκών,1504,false","3.","ν-stamme"
"εἰλικρίνεια,1505,false","1. (-ᾱ)","α-stamme"
"εἰρήνη,1515,false","1. (-η)","α-stamme"
"εἴσοδος,1529,false","2.","ο-stamme"
"ἑκατοντάρχης,1543,false","1. (-η)","α-stamme"
"ἔκβασις,1545,false","3.","ι-stamme"
"ἐκβολή,1546,false","1. (-η)","α-stamme"
"ἐκδίκησις,1557,false","3.","ι-stamme"
"ἐκδοχή,1561,false","1. (-η)","α-stamme"
"ἐκζήτησις,2214,true","3.","ι-stamme"
"ἐκκλησία,1577,false","1. (-ᾱ)","α-stamme"
"ἐκλογή,1589,false","1. (-η)","α-stamme"
"ἐκπλήρωσις,1604,false","3.","ι-stamme"
"ἔκστασις,1611,false","3.","ι-stamme"
"ἐκτένεια,1616,false","1. (-ᾱ)","α-stamme"
"ἔκτρωμα,1626,false","3.","τ-stamme"
"ἐλαία,1636,false","1. (-ᾱ)","α-stamme"
"ἔλαιον,1637,false","2.","ο-stamme"
"ἐλαιών,1638,false","3.","ν-stamme"
"Ἐλαμίτης,1639,false","1. (-η)","α-stamme"
"ἐλαφρία,1644,false","1. (-ᾱ)","α-stamme"
"ἐλεγμός,1650,true","2.","ο-stamme"
"ἔλεγξις,1649,false","3.","ι-stamme"
"ἔλεγχος,1650,false","2.","ο-stamme"
"ἐλεημοσύνη,1654,false","1. (-η)","α-stamme"
"ἔλεος,1656,false","3.","ς-stamme"
"ἐλευθερία,1657,false","1. (-ᾱ)","α-stamme"
"ἔλευσις,1660,false","3.","ι-stamme"
"Ἐλισαῖος,1666,false","2.","ο-stamme"
"ἕλκος,1668,false","3.","ς-stamme"
"Ἑλλάς,1671,false","3.","δ-stamme"
"Ἕλλην,1672,false","3.","ν-stamme"
"Ἑλληνίς,1674,false","3.","δ-stamme"
"Ἑλληνιστής,1675,false","1. (-η)","α-stamme"
"ἐλπίς,1680,false","3.","δ-stamme"
"Ἐλύμας,1681,false","1. (-ᾱ; dorisk genitiv)","α-stamme"
"ἐμπαιγμονή,1701,true","1. (-η)","α-stamme"
"ἐμπαιγμός,1701,false","2.","ο-stamme"
"ἐμπαίκτης,1703,false","1. (-η)","α-stamme"
"ἐμπλοκή,1708,false","1. (-η)","α-stamme"
"ἐμπορία,1711,false","1. (-ᾱ)","α-stamme"
"ἐμπόριον,1712,false","2.","ο-stamme"
"ἔμπορος,1713,false","2.","ο-stamme"
"ἔνδειγμα,1730,false","3.","τ-stamme"
"ἔνδειξις,1732,false","3.","ι-stamme"
"ἔνδυμα,1742,false","3.","τ-stamme"
"ἔνδυσις,1745,false","3.","ι-stamme"
"ἐνδώμησις,1739,false","3.","ι-stamme"
"ἐνέδρα,1747,false","1. (-ᾱ)","α-stamme"
"ἐνέργεια,1753,false","1. (-ᾱ)","α-stamme"
"ἐνέργημα,1755,false","3.","τ-stamme"
"ἐνθύμησις,1761,false","3.","ι-stamme"
"ἐνιαυτός,1763,false","2.","ο-stamme"
"ἔννοια,1771,false","1. (-ᾱ)","α-stamme"
"ἑνότης,1775,false","3.","τ-stamme"
"ἔνταλμα,1778,false","3.","τ-stamme"
"ἐνταφιασμός,1780,false","2.","ο-stamme"
"ἔντευξις,1783,false","3.","ι-stamme"
"ἐντολή,1785,false","1. (-η)","α-stamme"
"ἐντροπή,1791,false","1. (-η)","α-stamme"
"ἐνύπνιον,1798,false","2.","ο-stamme"
"ἐξανάστασις,1815,false","3.","ι-stamme"
"ἐξέραμα,1829,false","3.","τ-stamme"
"ἕξις,1838,false","3.","ι-stamme"
"ἔξοδος,1841,false","2.","ο-stamme"
"ἐξορκιστής,1845,false","1. (-η)","α-stamme"
"ἐξουσία,1849,false","1. (-ᾱ)","α-stamme"
"ἐξοχή,1851,false","1. (-η)","α-stamme"
"ἑορτή,1859,false","1. (-η)","α-stamme"
"ἐπαγγελία,1860,false","1. (-ᾱ)","α-stamme"
"ἐπάγγελμα,1862,false","3.","τ-stamme"
"Ἐπαίνετος,1866,false","2.","ο-stamme"
"ἔπαινος,1868,false","2.","ο-stamme"
"ἐπανόρθωσις,1882,false","3.","ι-stamme"
"ἐπαρχεία,1885,false","1. (-ᾱ)","α-stamme"
"ἔπαυλις,1886,false","3.","ι-stamme"
"Ἐπαφρᾶς,1889,false","1. (-ᾱ)","α-stamme"
"Ἐπαφρόδιτος,1891,false","2.","ο-stamme"
"ἐπεισαγωγή,1898,false","1. (-η)","α-stamme"
"ἐπενδύτης,1903,false","1. (-η)","α-stamme"
"ἐπερώτημα,1906,false","3.","τ-stamme"
"ἐπίβλημα,1915,false","3.","τ-stamme"
"ἐπιβουλή,1917,false","1. (-η)","α-stamme"
"ἐπίγνωσις,1922,false","3.","ι-stamme"
"ἐπιγραφή,1923,false","1. (-η)","α-stamme"
"ἐπιείκεια,1932,false","1. (-ᾱ)","α-stamme"
"ἐπίθεσις,1936,false","3.","ι-stamme"
"ἐπιθυμητής,1938,false","1. (-η)","α-stamme"
"ἐπιθυμία,1939,false","1. (-ᾱ)","α-stamme"
"ἐπικάλυμμα,1942,false","3.","τ-stamme"
"Ἐπικούρειος,1946,false","2.","ο-stamme"
"ἐπικουρία,1947,false","1. (-ᾱ)","α-stamme"
"ἐπιλησμονή,1953,false","1. (-η)","α-stamme"
"ἐπίλυσις,1955,false","3.","ι-stamme"
"ἐπιμέλεια,1958,false","1. (-ᾱ)","α-stamme"
"ἐπίνοια,1963,false","1. (-ᾱ)","α-stamme"
"ἐπιπόθησις,1972,false","3.","ι-stamme"
"ἐπιποθία,1974,false","1. (-ᾱ)","α-stamme"
"ἐπισιτισμός,1979,false","2.","ο-stamme"
"ἐπισκοπή,1984,false","1. (-η)","α-stamme"
"ἐπίσκοπος,1985,false","2.","ο-stamme"
"ἐπίστασις,1999,true","3.","ι-stamme"
"ἐπιστάτης,1988,false","1. (-η)","α-stamme"
"ἐπιστολή,1992,false","1. (-η)","α-stamme"
"ἐπιστροφή,1995,false","1. (-η)","α-stamme"
"ἐπισυναγωγή,1997,false","1. (-η)","α-stamme"
"ἐπιταγή,2003,false","1. (-η)","α-stamme"
"ἐπιτιμία,2009,false","1. (-ᾱ)","α-stamme"
"ἐπιτροπή,2011,false","1. (-η)","α-stamme"
"ἐπίτροπος,2012,false","2.","ο-stamme"
"ἐπιφάνεια,2015,false","1. (-ᾱ)","α-stamme"
"ἐπιχορηγία,2024,false","1. (-ᾱ)","α-stamme"
"ἐπόπτης,2030,false","1. (-η)","α-stamme"
"ἔπος,2031,false","3.","ς-stamme"
"Ἔραστος,2037,false","2.","ο-stamme"
"ἐργασία,2039,false","1. (-ᾱ)","α-stamme"
"ἐργάτης,2040,false","1. (-η)","α-stamme"
"ἔργον,2041,false","2.","ο-stamme"
"ἐρημία,2047,false","1. (-ᾱ)","α-stamme"
"ἐρήμωσις,2050,false","3.","ι-stamme"
"ἐριθεία,2052,false","1. (-ᾱ)","α-stamme"
"ἔριον,2053,false","2.","ο-stamme"
"ἔρις,2054,false","3.","δ-stamme"
"ἐρίφιον,2055,false","2.","ο-stamme"
"ἔριφος,2056,false","2.","ο-stamme"
"Ἑρμᾶς,2057,false","1. (-ᾱ)","α-stamme"
"ἑρμηνεία,2058,false","1. (-ᾱ)","α-stamme"
"Ἑρμῆς,2060,false","1. (-η)","α-stamme"
"Ἑρμογένης,2061,false","3.","ς-stamme"
"ἑρπετόν,2062,false","2.","ο-stamme"
"ἐσθής,2066,false","3.","τ-stamme"
"ἔσοπτρον,2072,false","2.","ο-stamme"
"ἑσπέρα,2073,false","1. (-ᾱ)","α-stamme"
"ἑταῖρος,2083,false","2.","ο-stamme"
"ἑτοιμασία,2091,false","1. (-ᾱ)","α-stamme"
"ἔτος,2094,false","3.","ς-stamme"
"Εὕα,2096,false","1. (-ᾱ)","α-stamme"
"εὐαγγέλιον,2098,false","2.","ο-stamme"
"εὐαγγελιστής,2099,false","1. (-η)","α-stamme"
"Εὔβουλος,2103,false","2.","ο-stamme"
"εὐδία,2105,false","1. (-ᾱ)","α-stamme"
"εὐδοκία,2107,false","1. (-ᾱ)","α-stamme"
"εὐεργεσία,2108,false","1. (-ᾱ)","α-stamme"
"εὐεργέτης,2110,false","1. (-η)","α-stamme"
"εὐθύτης,2118,false","3.","τ-stamme"
"εὐκαιρία,2120,false","1. (-ᾱ)","α-stamme"
"εὐλάβεια,2124,false","1. (-ᾱ)","α-stamme"
"εὐλογία,2129,false","1. (-ᾱ)","α-stamme"
"Εὐνίκη,2131,false","1. (-η)","α-stamme"
"εὔνοια,2133,false","1. (-ᾱ)","α-stamme"
"εὐνοῦχος,2135,false","2.","ο-stamme"
"Εὐοδία,2136,false","1. (-ᾱ)","α-stamme"
"εὐποιΐα,2140,false","1. (-ᾱ)","α-stamme"
"εὐπορία,2142,false","1. (-ᾱ)","α-stamme"
"εὐπρέπεια,2143,false","1. (-ᾱ)","α-stamme"
"εὐρακύλων,2148,true","3.","ν-stamme"
"εὐσέβεια,2150,false","1. (-ᾱ)","α-stamme"
"εὐσχημοσύνη,2157,false","1. (-η)","α-stamme"
"εὐτραπελία,2160,false","1. (-ᾱ)","α-stamme"
"Εὔτυχος,2161,false","2.","ο-stamme"
"εὐφημία,2162,false","1. (-ᾱ)","α-stamme"
"Εὐφράτης,2166,false","1. (-η)","α-stamme"
"εὐφροσύνη,2167,false","1. (-η)","α-stamme"
"εὐχαριστία,2169,false","1. (-ᾱ)","α-stamme"
"εὐχή,2171,false","1. (-η)","α-stamme"
"εὐωδία,2175,false","1. (-ᾱ)","α-stamme"
"Ἔφεσος,2181,false","2.","ο-stamme"
"ἐφευρετής,2182,false","1. (-ᾱ)","α-stamme"
"ἐφημερία,2183,false","1. (-ᾱ)","α-stamme"
"ἔχθρα,2189,false","1. (-ᾱ)","α-stamme"
"ἔχιδνα,2191,false","1. (-η)","α-stamme"
"Ζακχαῖος,2195,false","2.","ο-stamme"
"Ζαχαρίας,2197,false","1. (-ᾱ)","α-stamme"
"Ζεβεδαῖος,2199,false","2.","ο-stamme"
"ζεῦγος,2201,false","3.","ς-stamme"
"ζευκτηρία,2202,false","1. (-ᾱ)","α-stamme"
"Ζεύς,2203,false","uregelmæssig","uregelmæssig"
"ζῆλος,2205,false","2.","ο-stamme"
"ζηλωτής,2207,false","1. (-ᾱ)","α-stamme"
"ζημία,2209,false","1. (-ᾱ)","α-stamme"
"Ζηνᾶς,2211,false","1. (-ᾱ)","α-stamme"
"ζήτημα,2213,false","3.","τ-stamme"
"ζήτησις,2214,false","3.","ι-stamme"
"ζιζάνιον,2215,false","2.","ο-stamme"
"ζόφος,2217,false","2.","ο-stamme"
"ζυγός,2218,false","2.","ο-stamme"
"ζύμη,2219,false","1. (-η)","α-stamme"
"ζωή,2222,false","1. (-η)","α-stamme"
"ζώνη,2223,false","1. (-η)","α-stamme"
"ζῷον,2226,false","2.","ο-stamme"
"ἡγεμονία,2231,false","1. (-ᾱ)","α-stamme"
"ἡγεμών,2232,false","3.","ν-stamme"
"ἡδονή,2237,false","1. (-η)","α-stamme"
"ἡδύοσμον,2238,false","2.","ο-stamme"
"ἦθος,2239,false","3.","ς-stamme"
"Ἠλίας,2243,false","3.","δ-stamme"
"ἡλικία,2244,false","1. (-ᾱ)","α-stamme"
"ἥλιος,2246,false","2.","ο-stamme"
"ἧλος,2247,false","2.","ο-stamme"
"ἡμέρα,2250,false","1. (-ᾱ)","α-stamme"
"ἡμίωρον,2256,false","2.","ο-stamme"
"Ἡρῴδης,2264,false","1. (-η)","α-stamme"
"Ἡρῳδιανοί,2265,false","2.","ο-stamme"
"Ἡρῳδιάς,2266,false","3.","δ-stamme"
"Ἡρῳδίων,2267,false","3.","ν-stamme"
"Ἠσαΐας,2268,false","1. (-ᾱ)","α-stamme"
"ἡσυχία,2271,false","1. (-ᾱ)","α-stamme"
"ἥττημα,2275,false","3.","τ-stamme"
"ἦχος (I),2279,false","2.","ο-stamme"
"ἦχος (II),2279,true","2.","ο-stamme"
"Θαδδαῖος,2280,false","2.","ο-stamme"
"θάλασσα,2281,false","1. (-ᾰ)","α-stamme"
"θάμβος,2285,false","3.","ς-stamme"
"θάνατος,2288,false","2.","ο-stamme"
"θάρσος,2294,false","3.","ς-stamme"
"θαῦμα,2295,false","3.","τ-stamme"
"θεά,2299,false","1. (-ᾱ)","α-stamme"
"θέατρον,2302,false","2.","ο-stamme"
"θεῖον,2303,false","2.","ο-stamme"
"θειότης,2305,false","3.","τ-stamme"
"θέλημα,2307,false","3.","τ-stamme"
"θέλησις,2308,false","3.","ι-stamme"
"θεμέλιος,2310,false","2.","ο-stamme"
"θεός,2316,false","2.","ο-stamme"
"θεοσέβεια,2317,false","1. (-ᾱ)","α-stamme"
"θεότης,2320,false","3.","τ-stamme"
"Θεόφιλος,2321,false","2.","ο-stamme"
"θεραπεία,2322,false","1. (-ᾱ)","α-stamme"
"θεράπων,2324,false","3.","ντ-stamme"
"θερισμός,2326,false","2.","ο-stamme"
"θεριστής,2327,false","1. (-η)","α-stamme"
"θέρμη,2329,false","1. (-η)","α-stamme"
"θέρος,2330,false","3.","ς-stamme"
"Θεσσαλονικεύς,2331,false","3.","ευ-stamme"
"Θεσσαλονίκη,2332,false","1. (-η)","α-stamme"
"Θευδᾶς,2333,false","1. (-ᾱ)","α-stamme"
"θεωρία,2335,false","1. (-ᾱ)","α-stamme"
"θήκη,2336,false","1. (-η)","α-stamme"
"θήρα,2339,false","1. (-ᾱ)","α-stamme"
"θηρίον,2342,false","2.","ο-stamme"
"θησαυρός,2344,false","2.","ο-stamme"
"θλῖψις,2347,false","3.","ι-stamme"
"θόρυβος,2351,false","2.","ο-stamme"
"θρέμμα,2353,false","3.","τ-stamme"
"θρησκεία,2356,false","1. (-ᾱ)","α-stamme"
"θρίξ,2359,false","3.","χ-stamme"
"θρόμβος,2361,false","2.","ο-stamme"
"θρόνος,2362,false","2.","ο-stamme"
"Θυάτειρα,2363,false","1. (-ᾱ)","α-stamme"
"θυγάτηρ,2364,false","3.","ρ-stamme"
"θυγάτριον,2365,false","2.","ο-stamme"
"θύελλα,2366,false","1. (-ᾰ)","α-stamme"
"θυμίαμα,2368,false","3.","τ-stamme"
"θυμιατήριον,2369,false","2.","ο-stamme"
"θυμός,2372,false","2.","ο-stamme"
"θύρα,2374,false","1. (-ᾱ)","α-stamme"
"θυρεός,2375,false","2.","ο-stamme"
"θυρίς,2376,false","3.","δ-stamme"
"θυρωρός,2377,false","2.","ο-stamme"
"θυσία,2378,false","1. (-ᾱ)","α-stamme"
"θυσιαστήριον,2379,false","2.","ο-stamme"
"Θωμᾶς,2381,false","1. (-ᾱ)","α-stamme"
"θώραξ,2382,false","3.","κ-stamme"
"Ἰάϊρος,2383,false","2.","ο-stamme"
"Ἰάκωβος,2385,false","2.","ο-stamme"
"ἴαμα,2386,false","3.","τ-stamme"
"Ἰαμβρῆς,2387,false","1. (-η)","α-stamme"
"Ἰάννης,2389,false","1. (-η)","α-stamme"
"ἴασις,2392,false","3.","ι-stamme"
"ἴασπις,2393,false","3.","δ-stamme"
"Ἰάσων,2394,false","3.","ν-stamme"
"ἰατρός,2395,false","2.","ο-stamme"
"ἰδιώτης,2399,false","1. (-η)","α-stamme"
"Ἰδουμαία,2401,false","1. (-ᾱ)","α-stamme"
"ἱδρώς,2402,false","3.","τ-stamme"
"Ἱεράπολις,2404,false","3.","ι-stamme"
"ἱερατεία,2405,false","1. (-ᾱ)","α-stamme"
"ἱεράτευμα,2406,false","3.","τ-stamme"
"Ἰερεμίας,2408,false","1. (-ᾱ)","α-stamme"
"ἱερεύς,2409,false","3.","ευ-stamme"
"ἱερός,2411,false","2.","ο-stamme"
"Ἱεροσόλυμα,2414,false","3.","τ-stamme"
"Ἱεροσολυμίτης,2415,false","1. (-η)","α-stamme"
"ἱερωσύνη,2420,false","1. (-η)","α-stamme"
"Ἰεχονίας,2423,false","1. (-ᾱ)","α-stamme"
"Ἰησοῦς,2424,false","uregelmæssig","uregelmæssig"
"ἱκανότης,2426,false","3.","τ-stamme"
"ἱκετηρία,2428,false","1. (-ᾱ)","α-stamme"
"ἰκμάς,2429,false","3.","δ-stamme"
"Ἰκόνιον,2430,false","2.","ο-stamme"
"ἱλαρότης,2432,false","3.","τ-stamme"
"ἱλασμός,2434,false","2.","ο-stamme"
"ἱλαστήριος,2435,false","2.","ο-stamme"
"Ἰλλυρικόν,2437,false","2.","ο-stamme"
"ἱμάς,2438,false","3.","ντ-stamme"
"ἱμάτιον,2440,false","2.","ο-stamme"
"ἱματισμός,2441,false","2.","ο-stamme"
"Ἰόππη,2445,false","1. (-η)","α-stamme"
"Ἰορδάνης,2446,false","1. (-η)","α-stamme"
"ἰός,2447,false","2.","ο-stamme"
"Ἰουδαία,2449,false","1. (-ᾱ)","α-stamme"
"Ἰουδαϊσμός,2454,false","2.","ο-stamme"
"Ἰούδας,2448,false","1. (-ᾱ; dorisk genitiv)","α-stamme"
"Ἰούδας,2455,false","1. (-ᾱ; dorisk genitiv)","α-stamme"
"Ἰουλία,2456,false","1. (-ᾱ)","α-stamme"
"Ἰούλιος,2457,false","2.","ο-stamme"
"Ἰουνιᾶς,2458,false","1. (-ᾱ)","α-stamme"
"Ἰοῦστος,2459,false","2.","ο-stamme"
"ἱππεύς,2460,false","3.","ευ-stamme"
"ἵππος,2462,false","2.","ο-stamme"
"ἶρις,2463,false","3.","δ-stamme"
"Ἰσκαριώθ,2469,false","indeklinalbel","indeklinalbel"
"ἰσότης,2471,false","3.","τ-stamme"
"Ἰσραηλίτης,2475,false","1. (-η)","α-stamme"
"ἰσχύς,2479,false","3.","υ-stamme"
"Ἰταλία,2482,false","1. (-ᾱ)","α-stamme"
"ἰχθύδιον,2485,false","2.","ο-stamme"
"ἰχθύς,2486,false","3.","υ-stamme"
"ἴχνος,2487,false","3.","ς-stamme"
"Ἰωάννα,2489,false","1. (-ᾱ)","α-stamme"
"Ἰωάννης,2491,false","1. (-η)","α-stamme"
"Ἰωνᾶς,2495,false","1. (-ᾱ)","α-stamme"
"Ἰωσῆς,2500,false","3.","τ-stamme"
"Ἰωσίας,2502,false","1. (-ᾱ)","α-stamme"
"καθαίρεσις,2506,false","3.","ι-stamme"
"καθαρισμός,2512,false","2.","ο-stamme"
"καθαρότης,2514,false","3.","τ-stamme"
"καθέδρα,2515,false","1. (-ᾱ)","α-stamme"
"καθηγητής,2519,false","1. (-η)","α-stamme"
"Καϊάφας,2533,false","1. (-ᾱ; dorisk genitiv)","α-stamme"
"καινότης,2538,false","3.","τ-stamme"
"καιρός,2540,false","2.","ο-stamme"
"Καῖσαρ,2541,false","3.","ρ-stamme"
"Καισάρεια,2542,false","1. (-ᾱ)","α-stamme"
"κακία,2549,false","1. (-ᾱ)","α-stamme"
"κακοήθεια,2550,false","1. (-ᾱ)","α-stamme"
"κακοπάθεια,2552,false","1. (-ᾱ)","α-stamme"
"κάκωσις,2561,false","3.","ι-stamme"
"καλάμη,2562,false","1. (-η)","α-stamme"
"κάλαμος,2563,false","2.","ο-stamme"
"καλλιέλαιος,2565,false","2.","ο-stamme"
"κάλυμμα,2571,false","3.","τ-stamme"
"κάμηλος,2574,false","2.","ο-stamme"
"κάμινος,2575,false","2.","ο-stamme"
"Καναναῖος,2581,false","2.","ο-stamme"
"Κανδάκη,2582,false","1. (-η)","α-stamme"
"κανών,2583,false","3.","ν-stamme"
"καπνός,2586,false","2.","ο-stamme"
"Καππαδοκία,2587,false","1. (-ᾱ)","α-stamme"
"καρδία,2588,false","1. (-ᾱ)","α-stamme"
"καρδιογνώστης,2589,false","1. (-η)","α-stamme"
"καρπός,2590,false","2.","ο-stamme"
"Κάρπος,2591,false","2.","ο-stamme"
"κάρφος,2595,false","3.","ς-stamme"
"κατάβασις,2600,false","3.","ι-stamme"
"καταβολή,2602,false","1. (-η)","α-stamme"
"καταγγελεύς,2604,false","3.","ευ-stamme"
"καταδίκη,2613,true","1. (-η)","α-stamme"
"κατάθεμα,2652,false","3.","τ-stamme"
"κατακλυσμός,2627,false","2.","ο-stamme"
"κατάκριμα,2631,false","3.","τ-stamme"
"κατάκρισις,2633,false","3.","ι-stamme"
"καταλαλιά,2636,false","1. (-ᾱ)","α-stamme"
"καταλλαγή,2643,false","1. (-η)","α-stamme"
"κατάλυμα,2646,false","3.","τ-stamme"
"κατάνυξις,2659,false","3.","ι-stamme"
"κατάπαυσις,2663,false","3.","ι-stamme"
"καταπέτασμα,2665,false","3.","τ-stamme"
"κατάρα,2671,false","1. (-ᾱ)","α-stamme"
"κατάρτισις,2676,false","3.","ι-stamme"
"καταρτισμός,2677,false","2.","ο-stamme"
"κατασκήνωσις,2682,false","3.","ι-stamme"
"κατάσκοπος,2685,false","2.","ο-stamme"
"κατάστημα,2688,false","3.","τ-stamme"
"καταστολή,2689,false","1. (-η)","α-stamme"
"καταστροφή,2692,false","1. (-η)","α-stamme"
"κατάσχεσις,2697,false","3.","ι-stamme"
"κατατομή,2699,false","1. (-η)","α-stamme"
"καταφρονητής,2707,false","1. (-η)","α-stamme"
"κατηγορία,2724,false","1. (-ᾱ)","α-stamme"
"κατήγορος,2725,false","2.","ο-stamme"
"κατήφεια,2726,false","1. (-ᾱ)","α-stamme"
"κατοίκησις,2731,false","3.","ι-stamme"
"κατοικητήριον,2732,false","2.","ο-stamme"
"κατοικία,2733,false","1. (-ᾱ)","α-stamme"
"καῦμα,2738,false","3.","τ-stamme"
"καῦσις,2740,false","3.","ι-stamme"
"καύσων,2742,false","3.","ν-stamme"
"καύχημα,2745,false","3.","τ-stamme"
"καύχησις,2746,false","3.","ι-stamme"
"Κεγχρεαί,2747,false","1. (-ᾱ)","α-stamme"
"κειρία,2750,false","1. (-ᾱ)","α-stamme"
"κέλευσμα,2752,false","3.","τ-stamme"
"κενοδοξία,2754,false","1. (-ᾱ)","α-stamme"
"κενοφωνία,2757,false","1. (-ᾱ)","α-stamme"
"κέντρον,2759,false","2.","ο-stamme"
"κεντυρίων,2760,false","3.","ν-stamme"
"κεραία,2762,false","1. (-ᾱ)","α-stamme"
"κεραμεύς,2763,false","3.","ευ-stamme"
"κεράμιον,2765,false","2.","ο-stamme"
"κέραμος,2766,false","2.","ο-stamme"
"κέρας,2768,false","uregelmæssig","uregelmæssig"
"κεράτιον,2769,false","2.","ο-stamme"
"κέρδος,2771,false","3.","ς-stamme"
"κέρμα,2772,false","3.","τ-stamme"
"κερματιστής,2773,false","1. (-η)","α-stamme"
"κεφάλαιον,2774,false","2.","ο-stamme"
"κεφαλή,2776,false","1. (-η)","α-stamme"
"κεφαλίς,2777,false","3.","δ-stamme"
"κῆνσος,2778,false","2.","ο-stamme"
"κῆπος,2779,false","2.","ο-stamme"
"κηπουρός,2780,false","2.","ο-stamme"
"κήρυγμα,2782,false","3.","τ-stamme"
"κῆρυξ,2783,false","3.","κ-stamme"
"κῆτος,2785,false","3.","ς-stamme"
"Κηφᾶς,2786,false","1. (-ᾱ)","α-stamme"
"κιβωτός,2787,false","2.","ο-stamme"
"κιθάρα,2788,false","1. (-ᾱ)","α-stamme"
"κιθαρῳδός,2790,false","2.","ο-stamme"
"Κιλικία,2791,false","1. (-ᾱ)","α-stamme"
"κίνδυνος,2794,false","2.","ο-stamme"
"κίνησις,2796,false","3.","ι-stamme"
"κιννάμωμον,2792,false","2.","ο-stamme"
"κλάδος,2798,false","2.","ο-stamme"
"κλάσις,2800,false","3.","ι-stamme"
"κλάσμα,2801,false","3.","τ-stamme"
"Κλαυδία,2803,false","1. (-ᾱ)","α-stamme"
"Κλαύδιος,2804,false","2.","ο-stamme"
"κλαυθμός,2805,false","2.","ο-stamme"
"κλείς,2807,false","3.","δ-stamme"
"κλέμμα,2809,false","3.","τ-stamme"
"Κλεοπᾶς,2810,false","1. (-ᾱ)","α-stamme"
"κλέος,2811,false","3.","ς-stamme"
"κλέπτης,2812,false","1. (-η)","α-stamme"
"κλῆμα,2814,false","3.","τ-stamme"
"Κλήμης,2815,false","3.","ντ-stamme"
"κληρονομία,2817,false","1. (-ᾱ)","α-stamme"
"κληρονόμος,2818,false","2.","ο-stamme"
"κλῆρος,2819,false","2.","ο-stamme"
"κλῆσις,2821,false","3.","ι-stamme"
"κλίβανος,2823,false","2.","ο-stamme"
"κλίμα,2824,false","3.","τ-stamme"
"κλινάριον,2826,true","2.","ο-stamme"
"κλίνη,2825,false","1. (-η)","α-stamme"
"κλινίδιον,2826,false","2.","ο-stamme"
"κλισία,2828,false","1. (-ᾱ)","α-stamme"
"κλοπή,2829,false","1. (-η)","α-stamme"
"κλύδων,2830,false","3.","ν-stamme"
"Κλωπᾶς,2832,false","1. (-ᾱ)","α-stamme"
"Κνίδος,2834,false","2.","ο-stamme"
"κοδράντης,2835,false","1. (-η)","α-stamme"
"κοιλία,2836,false","1. (-ᾱ)","α-stamme"
"κοίμησις,2838,false","3.","ι-stamme"
"κοινωνία,2842,false","1. (-ᾱ)","α-stamme"
"κοινωνός,2844,false","2.","ο-stamme"
"κοίτη,2845,false","1. (-η)","α-stamme"
"κοιτών,2846,false","3.","ν-stamme"
"κόκκος,2848,false","2.","ο-stamme"
"κολακεία,2850,false","1. (-ᾱ)","α-stamme"
"κόλασις,2851,false","3.","ι-stamme"
"κολλούριον,2854,false","2.","ο-stamme"
"κολλυβιστής,2855,false","1. (-η)","α-stamme"
"Κολοσσαί,2857,false","1. (-ᾰ)","α-stamme"
"κόλπος,2859,false","2.","ο-stamme"
"κολυμβήθρα,2861,false","1. (-ᾱ)","α-stamme"
"κολωνία,2862,false","1. (-ᾱ)","α-stamme"
"κόμη,2864,false","1. (-η)","α-stamme"
"κονιορτός,2868,false","2.","ο-stamme"
"κοπετός,2870,false","2.","ο-stamme"
"κοπή,2871,false","1. (-η)","α-stamme"
"κόπος,2873,false","2.","ο-stamme"
"κοπρία,2874,false","1. (-ᾱ)","α-stamme"
"κόπριον,2874,true","2.","ο-stamme"
"κόραξ,2876,false","3.","κ-stamme"
"κοράσιον,2877,false","2.","ο-stamme"
"κορβᾶν,2878,false","indeklinalbel","indeklinalbel"
"Κόρινθος,2882,false","2.","ο-stamme"
"Κορνήλιος,2883,false","2.","ο-stamme"
"κόρος,2884,false","2.","ο-stamme"
"κοσμοκράτωρ,2888,false","3.","ρ-stamme"
"κόσμος,2889,false","2.","ο-stamme"
"Κούαρτος,2890,false","2.","ο-stamme"
"κουστωδία,2892,false","1. (-ᾱ)","α-stamme"
"κόφινος,2894,false","2.","ο-stamme"
"κράβαττος,2895,false","2.","ο-stamme"
"κραιπάλη,2897,false","1. (-η)","α-stamme"
"κρανίον,2898,false","2.","ο-stamme"
"κράσπεδον,2899,false","2.","ο-stamme"
"κράτος,2904,false","3.","ς-stamme"
"κραυγή,2906,false","1. (-η)","α-stamme"
"κρέας,2907,false","3.","ς-stamme"
"κρημνός,2911,false","2.","ο-stamme"
"Κρής,2912,false","3.","τ-stamme"
"Κρήσκης,2913,false","3.","ντ-stamme"
"Κρήτη,2914,false","1. (-η)","α-stamme"
"κριθή,2915,false","1. (-η)","α-stamme"
"κρίμα,2917,false","3.","τ-stamme"
"κρίνον,2918,false","2.","ο-stamme"
"κρίσις,2920,false","3.","ι-stamme"
"Κρίσπος,2921,false","2.","ο-stamme"
"κριτήριον,2922,false","2.","ο-stamme"
"κριτής,2923,false","1. (-η)","α-stamme"
"κρύπτη,2926,false","1. (-η)","α-stamme"
"κρύσταλλος,2930,false","2.","ο-stamme"
"κτῆμα,2933,false","3.","τ-stamme"
"κτῆνος,2934,false","3.","ς-stamme"
"κτήτωρ,2935,false","3.","ρ-stamme"
"κτίσις,2937,false","3.","ι-stamme"
"κτίσμα,2938,false","3.","τ-stamme"
"κτίστης,2939,false","1. (-η)","α-stamme"
"κυβεία,2940,false","1. (-ᾱ)","α-stamme"
"κυβέρνησις,2941,false","3.","ι-stamme"
"κυβερνήτης,2942,false","1. (-η)","α-stamme"
"κύκλῳ,2945,false","indeklinalbel","indeklinalbel"
"κυλισμός,2946,false","2.","ο-stamme"
"κῦμα,2949,false","3.","τ-stamme"
"κύμβαλον,2950,false","2.","ο-stamme"
"κύμινον,2951,false","2.","ο-stamme"
"κυνάριον,2952,false","2.","ο-stamme"
"Κύπριος,2953,false","2.","ο-stamme"
"Κύπρος,2954,false","2.","ο-stamme"
"Κυρηναῖος,2956,false","2.","ο-stamme"
"Κυρήνη,2957,false","1. (-η)","α-stamme"
"Κυρήνιος,2958,false","2.","ο-stamme"
"κυρία,2959,false","1. (-ᾱ)","α-stamme"
"κύριος,2962,false","2.","ο-stamme"
"κυριότης,2963,false","3.","τ-stamme"
"κύων,2965,false","3.","ν-stamme"
"κῶλον,2966,false","2.","ο-stamme"
"κώμη,2968,false","1. (-η)","α-stamme"
"κωμόπολις,2969,false","3.","ι-stamme"
"κῶμος,2970,false","2.","ο-stamme"
"κώνωψ,2971,false","3.","π-stamme"
"Κώς,2972,false","2. (attisk)","ο-stamme"
"Λάζαρος,2976,false","2.","ο-stamme"
"λαῖλαψ,2978,false","3.","π-stamme"
"λαλιά,2981,false","1. (-ᾱ)","α-stamme"
"λαμπάς,2985,false","3.","δ-stamme"
"λαμπρότης,2987,false","3.","τ-stamme"
"Λαοδίκεια,2993,false","1. (-ᾱ)","α-stamme"
"Λαοδικεύς,2994,false","3.","ευ-stamme"
"λαός,2992,false","2.","ο-stamme"
"λάρυγξ,2995,false","3.","γ-stamme"
"Λασαία,2996,false","1. (-ᾱ)","α-stamme"
"λατρεία,2999,false","1. (-ᾱ)","α-stamme"
"λάχανον,3001,false","2.","ο-stamme"
"λεγιών,3003,false","3.","ν-stamme"
"λεῖμμα,3005,false","3.","τ-stamme"
"λειτουργία,3009,false","1. (-ᾱ)","α-stamme"
"λειτουργός,3011,false","2.","ο-stamme"
"λέντιον,3012,false","2.","ο-stamme"
"λεπίς,3013,false","3.","δ-stamme"
"λέπρα,3014,false","1. (-ᾱ)","α-stamme"
"λεπτός,3016,false","2.","ο-stamme"
"Λευί,3018,false","indeklinalbel","indeklinalbel"
"Λευίτης,3019,false","1. (-η)","α-stamme"
"λέων,3023,false","3.","ντ-stamme"
"λήθη,3024,false","1. (-η)","α-stamme"
"λῆμψις,3028,false","3.","ι-stamme"
"ληνός,3025,false","2.","ο-stamme"
"λῆρος,3026,false","2.","ο-stamme"
"λῃστής,3027,false","1. (-η)","α-stamme"
"λίβανος,3030,false","2.","ο-stamme"
"λιβανωτός,3031,false","2.","ο-stamme"
"Λιβερτῖνος,3032,false","2.","ο-stamme"
"Λιβύη,3033,false","1. (-η)","α-stamme"
"λίθος,3037,false","2.","ο-stamme"
"λιμήν,3040,false","3.","ν-stamme"
"λίμνη,3041,false","1. (-η)","α-stamme"
"λιμός,3042,false","2.","ο-stamme"
"λίνον,3043,false","2.","ο-stamme"
"Λίνος,3044,false","2.","ο-stamme"
"λίτρα,3046,false","1. (-ᾱ)","α-stamme"
"λίψ,3047,false","3.","β-stamme"
"λογεία,3048,false","1. (-ᾱ)","α-stamme"
"λόγιον,3051,false","2.","ο-stamme"
"λογισμός,3053,false","2.","ο-stamme"
"λογομαχία,3055,false","1. (-ᾱ)","α-stamme"
"λόγος,3056,false","2.","ο-stamme"
"λόγχη,3057,false","1. (-η)","α-stamme"
"λοιδορία,3059,false","1. (-ᾱ)","α-stamme"
"λοιμός (II),3061,false","2.","ο-stamme"
"Λουκᾶς,3065,false","1. (-ᾱ)","α-stamme"
"Λούκιος,3066,false","2.","ο-stamme"
"λουτρόν,3067,false","2.","ο-stamme"
"Λύδδα,3069,false","1. (-ᾱ)","α-stamme"
"Λυδία,3070,false","1. (-ᾱ)","α-stamme"
"Λυκαονία,3071,false","1. (-ᾱ)","α-stamme"
"Λυκία,3073,false","1. (-ᾱ)","α-stamme"
"λύκος,3074,false","2.","ο-stamme"
"λύπη,3077,false","1. (-η)","α-stamme"
"Λυσανίας,3078,false","1. (-ᾱ)","α-stamme"
"Λυσίας,3079,false","2.","ο-stamme"
"λύσις,3080,false","3.","ι-stamme"
"Λύστρα,3082,false","1. (-ᾱ)","α-stamme"
"λύτρον,3083,false","2.","ο-stamme"
"λύτρωσις,3085,false","3.","ι-stamme"
"λυτρωτής,3086,false","1. (-η)","α-stamme"
"λυχνία,3087,false","1. (-ᾱ)","α-stamme"
"λύχνος,3088,false","2.","ο-stamme"
"Λωΐς,3090,false","3.","δ-stamme"
"Μαγδαληνή,3094,false","1. (-η)","α-stamme"
"μαγεία,3095,false","1. (-ᾱ)","α-stamme"
"μάγος,3097,false","2.","ο-stamme"
"μαθητής,3101,false","1. (-η)","α-stamme"
"μαθήτρια,3102,false","1. (-ᾱ)","α-stamme"
"Μαθθαῖος,3156,false","2.","ο-stamme"
"Μαθθίας,3159,false","2.","ο-stamme"
"μακαρισμός,3108,false","2.","ο-stamme"
"Μακεδονία,3109,false","1. (-ᾱ)","α-stamme"
"Μακεδών,3110,false","3.","ν-stamme"
"μάκελλον,3111,false","2.","ο-stamme"
"μακροθυμία,3115,false","1. (-ᾱ)","α-stamme"
"μαλακία,3119,false","1. (-ᾱ)","α-stamme"
"Μάλχος,3124,false","2.","ο-stamme"
"μάμμη,3125,false","1. (-η)","α-stamme"
"μαμωνᾶς,3126,false","1. (-ᾱ)","α-stamme"
"Μανασσῆ,3128,false","uregelmæssig","uregelmæssig"
"μανία,3130,false","1. (-ᾱ)","α-stamme"
"μαργαρίτης,3135,false","1. (-η)","α-stamme"
"Μάρθα,3136,false","1. (-ᾱ)","α-stamme"
"Μαρία,3137,false","1. (-ᾱ)","α-stamme"
"Μᾶρκος,3138,false","2.","ο-stamme"
"μάρμαρος,3139,false","2.","ο-stamme"
"μαρτυρία,3141,false","1. (-ᾱ)","α-stamme"
"μαρτύριον,3142,false","2.","ο-stamme"
"μάρτυς,3144,false","3.","ρ-stamme"
"μάστιξ,3148,false","3.","γ-stamme"
"μαστός,3149,false","2.","ο-stamme"
"ματαιολογία,3150,false","1. (-ᾱ)","α-stamme"
"ματαιότης,3153,false","3.","τ-stamme"
"Ματταθίας,3161,false","1. (-ᾱ)","α-stamme"
"μάχαιρα,3162,false","1. (-ᾱ)","α-stamme"
"μάχη,3163,false","1. (-η)","α-stamme"
"μεγαλειότης,3168,false","3.","τ-stamme"
"μεγαλωσύνη,3172,false","1. (-η)","α-stamme"
"μέγεθος,3174,false","3.","ς-stamme"
"μεγιστάν,3175,false","3.","ν-stamme"
"μέθη,3178,false","1. (-η)","α-stamme"
"μεθοδεία,3180,false","1. (-ᾱ)","α-stamme"
"μέθυσος,3183,false","2.","ο-stamme"
"μέλι,3192,false","3.","τ-stamme"
"Μελίτη,3194,false","1. (-η)","α-stamme"
"μέλος,3196,false","3.","ς-stamme"
"μεμβράνα,3200,false","1. (-ᾰ)","α-stamme"
"μέριμνα,3308,false","1. (-ᾰ)","α-stamme"
"μερίς,3310,false","3.","δ-stamme"
"μερισμός,3311,false","2.","ο-stamme"
"μεριστής,3312,false","1. (-η)","α-stamme"
"μέρος,3313,false","3.","ς-stamme"
"μεσημβρία,3314,false","1. (-ᾱ)","α-stamme"
"μεσίτης,3316,false","1. (-η)","α-stamme"
"μεσονύκτιον,3317,false","2.","ο-stamme"
"Μεσοποταμία,3318,false","1. (-ᾱ)","α-stamme"
"μεσότοιχον,3320,false","2.","ο-stamme"
"μεσουράνημα,3321,false","3.","τ-stamme"
"Μεσσίας,3323,false","1. (-η)","α-stamme"
"μετάθεσις,3331,false","3.","ι-stamme"
"μετάλημψις,3336,false","3.","ι-stamme"
"μετάνοια,3341,false","1. (-ᾱ)","α-stamme"
"μετοικεσία,3350,false","1. (-ᾱ)","α-stamme"
"μετοχή,3352,false","1. (-η)","α-stamme"
"μετρητής,3355,false","2.","ο-stamme"
"μέτρον,3358,false","2.","ο-stamme"
"μέτωπον,3359,false","2.","ο-stamme"
"Μῆδος,3370,false","2.","ο-stamme"
"μῆκος,3372,false","3.","ς-stamme"
"μηλωτή,3374,false","1. (-η)","α-stamme"
"μήν (II),3376,false","3.","ν-stamme"
"μηρός,3382,false","2.","ο-stamme"
"μήτηρ,3384,false","3.","ρ-stamme"
"μήτρα,3388,false","1. (-ᾱ)","α-stamme"
"μητρολῴας,3389,false","1. (-η)","α-stamme"
"μίασμα,3393,false","3.","τ-stamme"
"μιασμός,3394,false","2.","ο-stamme"
"μίγμα,3395,false","3.","τ-stamme"
"Μίλητος,3399,false","2.","ο-stamme"
"μίλιον,3400,false","2.","ο-stamme"
"μιμητής,3402,false","1. (-η)","α-stamme"
"μισθαποδοσία,3405,false","1. (-ᾱ)","α-stamme"
"μισθαποδότης,3406,false","2.","ο-stamme"
"μισθός,3408,false","2.","ο-stamme"
"μίσθωμα,3410,false","3.","τ-stamme"
"μισθωτός,3411,false","2.","ο-stamme"
"Μιτυλήνη,3412,false","1. (-η)","α-stamme"
"μνᾶ,3414,false","1. (-ᾱ)","α-stamme"
"Μνάσων,3416,false","3.","ν-stamme"
"μνεία,3417,false","1. (-ᾱ)","α-stamme"
"μνῆμα,3418,false","3.","τ-stamme"
"μνημεῖον,3419,false","2.","ο-stamme"
"μνήμη,3420,false","1. (-η)","α-stamme"
"μνημόσυνον,3422,false","2.","ο-stamme"
"μόδιος,3426,false","2.","ο-stamme"
"μοιχαλίς,3428,false","3.","δ-stamme"
"μοιχεία,3430,false","1. (-ᾱ)","α-stamme"
"μοιχός,3432,false","2.","ο-stamme"
"μολυσμός,3436,false","2.","ο-stamme"
"μομφή,3437,false","1. (-η)","α-stamme"
"μονή,3438,false","1. (-η)","α-stamme"
"μορφή,3444,false","1. (-η)","α-stamme"
"μόρφωσις,3446,false","3.","ι-stamme"
"μόσχος,3448,false","2.","ο-stamme"
"μόχθος,3449,false","2.","ο-stamme"
"μυελός,3452,false","2.","ο-stamme"
"μῦθος,3454,false","2.","ο-stamme"
"μύλος,3458,false","2.","ο-stamme"
"Μύρα,3460,false","1. (-ᾱ)","α-stamme"
"μυριάς,3461,false","3.","δ-stamme"
"μύρον,3464,false","2.","ο-stamme"
"Μυσία,3465,false","1. (-ᾱ)","α-stamme"
"μυστήριον,3466,false","2.","ο-stamme"
"μώλωψ,3468,false","3.","π-stamme"
"μῶμος,3470,false","2.","ο-stamme"
"μωρία,3472,false","1. (-ᾱ)","α-stamme"
"μωρολογία,3473,false","1. (-ᾱ)","α-stamme"
"Μωϋσῆς,3475,false","3.","υ-stamme"
"Ναζωραῖος,3480,false","2.","ο-stamme"
"ναός,3485,false","2.","ο-stamme"
"νάρδος,3487,false","2.","ο-stamme"
"Νάρκισσος,3488,false","2.","ο-stamme"
"ναύκληρος,3490,false","2.","ο-stamme"
"ναῦς,3491,false","uregelmæssig","uregelmæssig"
"ναύτης,3492,false","1. (-η)","α-stamme"
"νεανίας,3494,false","1. (-η)","α-stamme"
"νεανίσκος,3495,false","2.","ο-stamme"
"νέκρωσις,3500,false","3.","ι-stamme"
"νεομηνία,3561,false","1. (-ᾱ)","α-stamme"
"νεότης,3503,false","3.","τ-stamme"
"νεφέλη,3507,false","1. (-η)","α-stamme"
"νέφος,3509,false","3.","ς-stamme"
"νεφρός,3510,false","2.","ο-stamme"
"νεωκόρος,3511,false","2.","ο-stamme"
"Νηρεύς,3517,false","3.","ευ-stamme"
"νησίον,3519,false","2.","ο-stamme"
"νῆσος,3520,false","2.","ο-stamme"
"νηστεία,3521,false","1. (-ᾱ)","α-stamme"
"Νικάνωρ,3527,false","3.","ρ-stamme"
"νίκη,3529,false","1. (-η)","α-stamme"
"Νικόδημος,3530,false","2.","ο-stamme"
"Νικολαΐτης,3531,false","1. (-η)","α-stamme"
"Νικόλαος,3532,false","2.","ο-stamme"
"Νικόπολις,3533,false","3.","ι-stamme"
"νῖκος,3534,false","3.","ς-stamme"
"Νινευίτης,3536,false","1. (-η)","α-stamme"
"νιπτήρ,3537,false","3.","ρ-stamme"
"νόημα,3540,false","3.","τ-stamme"
"νομή,3542,false","1. (-η)","α-stamme"
"νόμισμα,3546,false","3.","τ-stamme"
"νομοδιδάσκαλος,3547,false","2.","ο-stamme"
"νομοθεσία,3548,false","1. (-ᾱ)","α-stamme"
"νομοθέτης,3550,false","1. (-η)","α-stamme"
"νόμος,3551,false","2.","ο-stamme"
"νόσημα,3553,false","3.","τ-stamme"
"νόσος,3554,false","2.","ο-stamme"
"νοσσιά,3555,false","1. (-ᾱ)","α-stamme"
"νοσσίον,3556,false","2.","ο-stamme"
"νοσσός,3502,false","2.","ο-stamme"
"νότος,3558,false","2.","ο-stamme"
"νουθεσία,3559,false","1. (-ᾱ)","α-stamme"
"νοῦς,3563,false","3.","ου-stamme"
"Νύμφα,3564,false","1. (-ᾱ)","α-stamme"
"νύμφη,3565,false","1. (-η)","α-stamme"
"νυμφίος,3566,false","2.","ο-stamme"
"νυμφών,3567,false","3.","ν-stamme"
"νύξ,3571,false","uregelmæssig","uregelmæssig"
"νυχθήμερον,3574,false","2.","ο-stamme"
"νῶτος,3577,false","2.","ο-stamme"
"ξενία,3578,false","1. (-ᾱ)","α-stamme"
"ξέστης,3582,false","2.","ο-stamme"
"ξύλον,3586,false","2.","ο-stamme"
"ὄγκος,3591,false","2.","ο-stamme"
"ὁδηγός,3595,false","2.","ο-stamme"
"ὁδοιπορία,3597,false","1. (-ᾱ)","α-stamme"
"ὁδός,3598,false","2.","ο-stamme"
"ὀδούς,3599,false","3.","ντ-stamme"
"ὀδύνη,3601,false","1. (-η)","α-stamme"
"ὀδυρμός,3602,false","2.","ο-stamme"
"Ὀζίας,3604,false","1. (-η)","α-stamme"
"ὀθόνη,3607,false","1. (-η)","α-stamme"
"ὀθόνιον,3608,false","2.","ο-stamme"
"οἰκετεία,3610,true","1. (-ᾱ)","α-stamme"
"οἰκέτης,3610,false","1. (-η)","α-stamme"
"οἴκημα,3612,false","3.","τ-stamme"
"οἰκητήριον,3613,false","2.","ο-stamme"
"οἰκία,3614,false","1. (-ᾱ)","α-stamme"
"οἰκιακός,3615,false","2.","ο-stamme"
"οἰκοδεσπότης,3617,false","1. (-η)","α-stamme"
"οἰκοδομή,3619,false","1. (-η)","α-stamme"
"οἰκοδόμος,3618,true","2.","ο-stamme"
"οἰκονομία,3622,false","1. (-ᾱ)","α-stamme"
"οἰκονόμος,3623,false","2.","ο-stamme"
"οἶκος,3624,false","2.","ο-stamme"
"οἰκουμένη,3625,false","1. (-η)","α-stamme"
"οἰκτιρμός,3628,false","2.","ο-stamme"
"οἰνοπότης,3630,false","1. (-η)","α-stamme"
"οἶνος,3631,false","2.","ο-stamme"
"οἰνοφλυγία,3632,false","1. (-ᾱ)","α-stamme"
"ὄλεθρος,3639,false","2.","ο-stamme"
"ὀλιγοπιστία,3640,true","1. (-ᾱ)","α-stamme"
"ὀλοθρευτής,3644,false","1. (-η)","α-stamme"
"ὁλοκαύτωμα,3646,false","3.","τ-stamme"
"ὁλοκληρία,3647,false","1. (-ᾱ)","α-stamme"
"Ὀλυμπᾶς,3652,false","1. (-ᾱ)","α-stamme"
"ὄλυνθος,3653,false","2.","ο-stamme"
"ὄμβρος,3655,false","2.","ο-stamme"
"ὁμιλία,3657,false","1. (-ᾱ)","α-stamme"
"ὀμίχλη,887,true","1. (-η)","α-stamme"
"ὄμμα,3659,false","3.","τ-stamme"
"ὁμοιότης,3665,false","3.","τ-stamme"
"ὁμοίωμα,3667,false","3.","τ-stamme"
"ὁμοίωσις,3669,false","3.","ι-stamme"
"ὁμολογία,3671,false","1. (-ᾱ)","α-stamme"
"ὀνάριον,3678,false","2.","ο-stamme"
"ὀνειδισμός,3680,false","2.","ο-stamme"
"ὄνειδος,3681,false","3.","ς-stamme"
"Ὀνήσιμος,3682,false","2.","ο-stamme"
"Ὀνησίφορος,3683,false","2.","ο-stamme"
"ὄνομα,3686,false","3.","τ-stamme"
"ὄνος,3688,false","2.","ο-stamme"
"ὄξος,3690,false","3.","ς-stamme"
"ὀπή,3692,false","1. (-η)","α-stamme"
"ὅπλον,3696,false","2.","ο-stamme"
"ὀπτασία,3701,false","1. (-ᾱ)","α-stamme"
"ὀπώρα,3703,false","1. (-ᾱ)","α-stamme"
"ὅραμα,3705,false","3.","τ-stamme"
"ὅρασις,3706,false","3.","ι-stamme"
"ὀργή,3709,false","1. (-η)","α-stamme"
"ὀργυιά,3712,false","1. (-ᾱ)","α-stamme"
"ὄρεξις,3715,false","3.","ι-stamme"
"ὄρθρος,3722,false","2.","ο-stamme"
"ὅριον,3725,false","2.","ο-stamme"
"ὅρκος,3727,false","2.","ο-stamme"
"ὁρκωμοσία,3728,false","1. (-ᾱ)","α-stamme"
"ὁρμή,3730,false","1. (-η)","α-stamme"
"ὅρμημα,3731,false","3.","τ-stamme"
"ὄρνεον,3732,false","2.","ο-stamme"
"ὄρνις,3733,false","3.","ι-stamme"
"ὁροθεσία,3734,false","1. (-ᾱ)","α-stamme"
"ὄρος,3735,false","3.","ς-stamme"
"ὁσιότης,3742,false","3.","τ-stamme"
"ὀσμή,3744,false","1. (-η)","α-stamme"
"ὀστέον,3747,false","2.","ο-stamme"
"ὄσφρησις,3750,false","3.","ι-stamme"
"ὀσφῦς,3751,false","3.","υ-stamme"
"οὐρά,3769,false","1. (-ᾱ)","α-stamme"
"οὐρανός,3772,false","2.","ο-stamme"
"Οὐρβανός,3773,false","2.","ο-stamme"
"Οὐρίας,3774,false","1. (-ᾱ)","α-stamme"
"οὖς,3775,false","3.","τ-stamme"
"οὐσία,3776,false","1. (-ᾱ)","α-stamme"
"ὀφειλέτης,3781,false","1. (-η)","α-stamme"
"ὀφειλή,3782,false","1. (-η)","α-stamme"
"ὀφείλημα,3783,false","3.","τ-stamme"
"ὄφελος,3786,false","3.","ς-stamme"
"ὀφθαλμοδουλία,3787,false","1. (-ᾱ)","α-stamme"
"ὀφθαλμός,3788,false","2.","ο-stamme"
"ὄφις,3789,false","3.","ι-stamme"
"ὀφρῦς,3790,false","3.","υ-stamme"
"ὄχλος,3793,false","2.","ο-stamme"
"ὀχύρωμα,3794,false","3.","τ-stamme"
"ὀψάριον,3795,false","2.","ο-stamme"
"ὄψις,3799,false","3.","ι-stamme"
"ὀψώνιον,3800,false","2.","ο-stamme"
"παγίς,3803,false","3.","δ-stamme"
"πάθημα,3804,false","3.","τ-stamme"
"πάθος,3806,false","3.","ς-stamme"
"παιδαγωγός,3807,false","2.","ο-stamme"
"παιδάριον,3808,false","2.","ο-stamme"
"παιδεία,3809,false","1. (-ᾱ)","α-stamme"
"παιδευτής,3810,false","1. (-η)","α-stamme"
"παιδίον,3813,false","2.","ο-stamme"
"παιδίσκη,3814,false","1. (-η)","α-stamme"
"παῖς,3816,false","3.","δ-stamme"
"παλαιότης,3821,false","3.","τ-stamme"
"πάλη,3823,false","1. (-η)","α-stamme"
"παλιγγενεσία,3824,false","1. (-ᾱ)","α-stamme"
"Παμφυλία,3828,false","1. (-ᾱ)","α-stamme"
"πανδοχεῖον,3829,false","2.","ο-stamme"
"πανδοχεύς,3830,false","3.","ευ-stamme"
"πανήγυρις,3831,false","3.","ι-stamme"
"πανοπλία,3833,false","1. (-ᾱ)","α-stamme"
"πανουργία,3834,false","1. (-ᾱ)","α-stamme"
"πανοῦργος,3835,false","2.","ο-stamme"
"παντοκράτωρ,3841,false","3.","ρ-stamme"
"παράβασις,3847,false","3.","ι-stamme"
"παραβάτης,3848,false","1. (-η)","α-stamme"
"παραβολή,3850,false","1. (-η)","α-stamme"
"παραγγελία,3852,false","1. (-ᾱ)","α-stamme"
"παράδεισος,3857,false","2.","ο-stamme"
"παράδοσις,3862,false","3.","ι-stamme"
"παραθήκη,3866,false","1. (-η)","α-stamme"
"παράκλησις,3874,false","3.","ι-stamme"
"παράκλητος,3875,false","2.","ο-stamme"
"παρακοή,3876,false","1. (-η)","α-stamme"
"παραλλαγή,3883,false","1. (-η)","α-stamme"
"παραμυθία,3889,false","1. (-ᾱ)","α-stamme"
"παραμύθιον,3890,false","2.","ο-stamme"
"παρανομία,3892,false","1. (-ᾱ)","α-stamme"
"παραπικρασμός,3894,false","2.","ο-stamme"
"παράπτωμα,3900,false","3.","τ-stamme"
"παράσημος,3902,false","2.","ο-stamme"
"παρασκευή,3904,false","1. (-η)","α-stamme"
"παρατήρησις,3907,false","3.","ι-stamme"
"παραφρονία,3913,false","1. (-ᾱ)","α-stamme"
"παραχειμασία,3915,false","1. (-ᾱ)","α-stamme"
"πάρδαλις,3917,false","3.","ι-stamme"
"παρεμβολή,3925,false","1. (-η)","α-stamme"
"πάρεσις,3929,false","3.","ι-stamme"
"παρηγορία,3931,false","1. (-ᾱ)","α-stamme"
"παρθενία,3932,false","1. (-ᾱ)","α-stamme"
"παρθένος,3933,false","2.","ο-stamme"
"Πάρθος,3934,false","2.","ο-stamme"
"Παρμενᾶς,3937,false","1. (-ᾱ)","α-stamme"
"πάροδος,3938,false","2.","ο-stamme"
"παροικία,3940,false","1. (-ᾱ)","α-stamme"
"παροιμία,3942,false","1. (-ᾱ)","α-stamme"
"παροξυσμός,3948,false","2.","ο-stamme"
"παροργισμός,3950,false","2.","ο-stamme"
"παρουσία,3952,false","1. (-ᾱ)","α-stamme"
"παροψίς,3953,false","3.","δ-stamme"
"παρρησία,3954,false","1. (-ᾱ)","α-stamme"
"Πάταρα,3959,false","1. (-ᾱ)","α-stamme"
"πατήρ,3962,false","3.","ρ-stamme"
"Πάτμος,3963,false","2.","ο-stamme"
"πατριά,3965,false","1. (-ᾱ)","α-stamme"
"πατριάρχης,3966,false","1. (-η)","α-stamme"
"πατρίς,3968,false","3.","δ-stamme"
"Πατροβᾶς,3969,false","1. (-ᾱ)","α-stamme"
"πατρολῴας,3964,false","1. (-ᾱ)","α-stamme"
"Παῦλος,3972,false","2.","ο-stamme"
"Πάφος,3974,false","2.","ο-stamme"
"πέδη,3976,false","1. (-η)","α-stamme"
"πεῖρα,3984,false","1. (-ᾱ)","α-stamme"
"πειρασμός,3986,false","2.","ο-stamme"
"πεισμονή,3988,false","1. (-η)","α-stamme"
"πέλαγος,3989,false","3.","ς-stamme"
"πένης,3993,false","3.","τ-stamme"
"πενθερά,3994,false","1. (-ᾱ)","α-stamme"
"πενθερός,3995,false","2.","ο-stamme"
"πένθος,3997,false","3.","ς-stamme"
"πεντηκοστή,4005,false","1. (-η)","α-stamme"
"πεποίθησις,4006,false","3.","ι-stamme"
"πέρας,4009,false","3.","τ-stamme"
"Πέργαμος,4010,false","2.","ο-stamme"
"Πέργη,4011,false","1. (-η)","α-stamme"
"περιβόλαιον,4018,false","2.","ο-stamme"
"περίθεσις,4025,false","3.","ι-stamme"
"περικάθαρμα,4027,false","3.","τ-stamme"
"περικεφαλαία,4030,false","1. (-ᾱ)","α-stamme"
"περιοχή,4042,false","1. (-η)","α-stamme"
"περιποίησις,4047,false","3.","ι-stamme"
"περισσεία,4050,false","1. (-ᾱ)","α-stamme"
"περίσσευμα,4051,false","3.","τ-stamme"
"περιστερά,4058,false","1. (-ᾱ)","α-stamme"
"περιτομή,4061,false","1. (-η)","α-stamme"
"περίψημα,4067,false","3.","τ-stamme"
"Περσίς,4069,false","3.","δ-stamme"
"πετεινός,4071,false","2.","ο-stamme"
"πέτρα,4073,false","1. (-ᾱ)","α-stamme"
"Πέτρος,4074,false","2.","ο-stamme"
"πήγανον,4076,false","2.","ο-stamme"
"πηγή,4077,false","1. (-η)","α-stamme"
"πηδάλιον,4079,false","2.","ο-stamme"
"πηλός,4081,false","2.","ο-stamme"
"πήρα,4082,false","1. (-ᾱ)","α-stamme"
"πῆχυς,4083,false","3.","υ-stamme"
"πιθανολογία,4086,false","1. (-ᾱ)","α-stamme"
"πικρία,4088,false","1. (-ᾱ)","α-stamme"
"Πιλᾶτος,4091,false","2.","ο-stamme"
"πινακίδιον,4093,false","2.","ο-stamme"
"πίναξ,4094,false","3.","κ-stamme"
"πιότης,4096,false","3.","τ-stamme"
"Πισιδία,4099,false","1. (-ᾱ)","α-stamme"
"πίστις,4102,false","3.","ι-stamme"
"πλάνη,4106,false","1. (-η)","α-stamme"
"πλανήτης,4107,false","1. (-η)","α-stamme"
"πλάξ,4109,false","3.","κ-stamme"
"πλάσμα,4110,false","3.","τ-stamme"
"πλάτος,4114,false","3.","ς-stamme"
"πλατύς,4113,false","3.","υ-stamme"
"πλέγμα,4117,false","3.","τ-stamme"
"πλεονέκτης,4123,false","1. (-η)","α-stamme"
"πλεονεξία,4124,false","1. (-ᾱ)","α-stamme"
"πλευρά,4125,false","1. (-ᾱ)","α-stamme"
"πληγή,4127,false","1. (-η)","α-stamme"
"πλῆθος,4128,false","3.","ς-stamme"
"πλήκτης,4131,false","1. (-η)","α-stamme"
"πλήμμυρα,4132,false","1. (-ᾱ)","α-stamme"
"πληροφορία,4136,false","1. (-ᾱ)","α-stamme"
"πλήρωμα,4138,false","3.","τ-stamme"
"πλησμονή,4140,false","1. (-η)","α-stamme"
"πλοιάριον,4142,false","2.","ο-stamme"
"πλοῖον,4143,false","2.","ο-stamme"
"πλόος,4144,false","2.","ο-stamme"
"πλοῦτος,4149,false","2.","ο-stamme"
"πνεῦμα,4151,false","3.","τ-stamme"
"πνοή,4157,false","1. (-η)","α-stamme"
"ποίημα,4161,false","3.","τ-stamme"
"ποίησις,4162,false","3.","ι-stamme"
"ποιητής,4163,false","1. (-η)","α-stamme"
"ποιμήν,4166,false","3.","ν-stamme"
"ποίμνη,4167,false","1. (-η)","α-stamme"
"ποίμνιον,4168,false","2.","ο-stamme"
"πόλεμος,4171,false","2.","ο-stamme"
"πόλις,4172,false","3.","ι-stamme"
"πολιτάρχης,4173,false","1. (-η)","α-stamme"
"πολιτεία,4174,false","1. (-ᾱ)","α-stamme"
"πολίτευμα,4175,false","3.","τ-stamme"
"πολίτης,4177,false","1. (-η)","α-stamme"
"πολυλογία,4180,false","1. (-ᾱ)","α-stamme"
"πόμα,4188,false","3.","τ-stamme"
"πονηρία,4189,false","1. (-ᾱ)","α-stamme"
"πόνος,4192,false","2.","ο-stamme"
"Πόντιος,4194,false","2.","ο-stamme"
"Πόντος,4195,false","2.","ο-stamme"
"Πόπλιος,4196,false","2.","ο-stamme"
"πορεία,4197,false","1. (-ᾱ)","α-stamme"
"πορισμός,4200,false","2.","ο-stamme"
"Πόρκιος,4201,false","2.","ο-stamme"
"πορνεία,4202,false","1. (-ᾱ)","α-stamme"
"πόρνη,4204,false","1. (-η)","α-stamme"
"πόρνος,4205,false","2.","ο-stamme"
"πορφύρα,4209,false","1. (-ᾱ)","α-stamme"
"πορφυρόπωλις,4211,false","3.","ι-stamme"
"πόσις,4213,false","3.","ι-stamme"
"ποταμός,4215,false","2.","ο-stamme"
"ποτήριον,4221,false","2.","ο-stamme"
"Ποτίολοι,4223,false","2.","ο-stamme"
"πότος,4224,false","2.","ο-stamme"
"Πούδης,4227,false","3.","ντ-stamme"
"πούς,4228,false","3.","δ-stamme"
"πρᾶγμα,4229,false","3.","τ-stamme"
"πραγματεία,4230,false","1. (-ᾱ)","α-stamme"
"πραιτώριον,4232,false","2.","ο-stamme"
"πράκτωρ,4233,false","3.","ρ-stamme"
"πρᾶξις,4234,false","3.","ι-stamme"
"πρασιά,4237,false","1. (-ᾱ)","α-stamme"
"πραϋπαθία,4240,true","1. (-ᾱ)","α-stamme"
"πραΰτης,4240,false","3.","τ-stamme"
"πρεσβεία,4242,false","1. (-ᾱ)","α-stamme"
"πρεσβυτέριον,4244,false","2.","ο-stamme"
"πρεσβύτης,4246,false","1. (-η)","α-stamme"
"πρεσβῦτις,4247,false","3.","ι-stamme"
"Πρίσκα,4251,false","1. (-ᾰ)","α-stamme"
"Πρίσκα,4252,false","1. (-ᾱ)","α-stamme"
"προαύλιον,4259,false","2.","ο-stamme"
"προβάτιον,4263,true","2.","ο-stamme"
"πρόβατον,4263,false","2.","ο-stamme"
"πρόγνωσις,4268,false","3.","ι-stamme"
"πρόγονος,4269,false","2.","ο-stamme"
"προδότης,4273,false","1. (-η)","α-stamme"
"πρόθεσις,4286,false","3.","ι-stamme"
"προθεσμία,4287,false","1. (-ᾱ)","α-stamme"
"προθυμία,4288,false","1. (-ᾱ)","α-stamme"
"προκοπή,4297,false","1. (-η)","α-stamme"
"πρόκριμα,4299,false","3.","τ-stamme"
"πρόνοια,4307,false","1. (-ᾱ)","α-stamme"
"προπάτωρ,3962,true","3.","ρ-stamme"
"προσάββατον,4315,false","2.","ο-stamme"
"προσαγωγή,4318,false","1. (-η)","α-stamme"
"προσαίτης,4319,true","1. (-η)","α-stamme"
"προσδοκία,4329,false","1. (-ᾱ)","α-stamme"
"προσευχή,4335,false","1. (-η)","α-stamme"
"προσήλυτος,4339,false","2.","ο-stamme"
"προσκαρτέρησις,4343,false","3.","ι-stamme"
"προσκεφάλαιον,4344,false","2.","ο-stamme"
"πρόσκλισις,4346,false","3.","ι-stamme"
"πρόσκομμα,4348,false","3.","τ-stamme"
"προσκοπή,4349,false","1. (-η)","α-stamme"
"προσκυνητής,4353,false","2.","ο-stamme"
"πρόσλημψις,4356,false","3.","ι-stamme"
"προστάτις,4368,false","3.","ι-stamme"
"προσφάγιον,4371,false","2.","ο-stamme"
"προσφορά,4376,false","1. (-ᾱ)","α-stamme"
"πρόσχυσις,4378,false","3.","ι-stamme"
"προσωπολήμπτης,4381,false","1. (-η)","α-stamme"
"προσωπολημψία,4382,false","1. (-ᾱ)","α-stamme"
"πρόσωπον,4383,false","2.","ο-stamme"
"πρόφασις,4392,false","3.","ι-stamme"
"προφητεία,4394,false","1. (-ᾱ)","α-stamme"
"προφήτης,4396,false","1. (-η)","α-stamme"
"προφῆτις,4398,false","3.","ι-stamme"
"Πρόχορος,4402,false","2.","ο-stamme"
"πρύμνα,4403,false","1. (-ᾰ)","α-stamme"
"πρωΐα,4405,false","1. (-ᾱ)","α-stamme"
"πρῷρα,4408,false","1. (-ᾱ)","α-stamme"
"πρωτοκαθεδρία,4410,false","1. (-ᾱ)","α-stamme"
"πρωτοκλισία,4411,false","1. (-ᾱ)","α-stamme"
"πρωτοστάτης,4414,false","1. (-η)","α-stamme"
"πρωτοτόκια,4415,false","1. (-ᾱ)","α-stamme"
"πτέρνα,4418,false","1. (-ᾰ)","α-stamme"
"πτερύγιον,4419,false","2.","ο-stamme"
"πτέρυξ,4420,false","3.","γ-stamme"
"πτόησις,4423,false","3.","ι-stamme"
"Πτολεμαΐς,4424,false","3.","δ-stamme"
"πτύον,4425,false","2.","ο-stamme"
"πτύσμα,4427,false","3.","τ-stamme"
"πτῶμα,4430,false","3.","τ-stamme"
"πτῶσις,4431,false","3.","ι-stamme"
"πτωχεία,4432,false","1. (-ᾱ)","α-stamme"
"πυγμή,4435,false","1. (-η)","α-stamme"
"πύθων,4436,false","3.","ν-stamme"
"πύλη,4439,false","1. (-η)","α-stamme"
"πυλών,4440,false","3.","ν-stamme"
"πῦρ,4442,false","3.","ρ-stamme"
"πυρά,4443,false","1. (-ᾱ)","α-stamme"
"πύργος,4444,false","2.","ο-stamme"
"πυρετός,4446,false","2.","ο-stamme"
"Πύρρος,4450,true","2.","ο-stamme"
"πύρωσις,4451,false","3.","ι-stamme"
"πῶλος,4454,false","2.","ο-stamme"
"πώρωσις,4457,false","3.","ι-stamme"
"ῥάβδος,4464,false","2.","ο-stamme"
"ῥαβδοῦχος,4465,false","2.","ο-stamme"
"ῥᾳδιούργημα,4467,false","3.","τ-stamme"
"ῥᾳδιουργία,4468,false","1. (-ᾱ)","α-stamme"
"ῥάκος,4470,false","3.","ς-stamme"
"ῥαντισμός,4473,false","2.","ο-stamme"
"ῥάπισμα,4475,false","3.","τ-stamme"
"ῥαφίς,4476,false","3.","δ-stamme"
"Ῥεβέκκα,4479,false","1. (-ᾱ)","α-stamme"
"ῥέδη,4480,false","1. (-η)","α-stamme"
"Ῥήγιον,4484,false","2.","ο-stamme"
"ῥῆγμα,4485,false","3.","τ-stamme"
"ῥῆμα,4487,false","3.","τ-stamme"
"ῥήτωρ,4489,false","3.","ρ-stamme"
"ῥίζα,4491,false","1. (-ᾰ)","α-stamme"
"ῥιπή,4493,false","1. (-η)","α-stamme"
"Ῥόδη,4498,false","1. (-η)","α-stamme"
"Ῥόδος,4499,false","2.","ο-stamme"
"ῥομφαία,4501,false","1. (-ᾱ)","α-stamme"
"Ῥοῦφος,4504,false","2.","ο-stamme"
"ῥύμη,4505,false","1. (-η)","α-stamme"
"ῥυπαρία,4507,false","1. (-ᾱ)","α-stamme"
"ῥύπος,4509,false","2.","ο-stamme"
"ῥύσις,4511,false","3.","ι-stamme"
"ῥυτίς,4512,false","3.","ι-stamme"
"Ῥώμη,4516,false","1. (-η)","α-stamme"
"σαββατισμός,4520,false","2.","ο-stamme"
"σάββατον,4521,false","2.","ο-stamme"
"σαγήνη,4522,false","1. (-η)","α-stamme"
"Σαδδουκαῖος,4523,false","2.","ο-stamme"
"σάκκος,4526,false","2.","ο-stamme"
"Σαλαμίς,4529,false","3.","ν-stamme"
"Σαλμώνη,4534,false","1. (-η)","α-stamme"
"σάλος,4535,false","2.","ο-stamme"
"σάλπιγξ,4536,false","3.","γ-stamme"
"σαλπιστής,4538,false","1. (-η)","α-stamme"
"Σαλώμη,4539,false","1. (-η)","α-stamme"
"Σαμάρεια,4540,false","1. (-ᾱ)","α-stamme"
"Σαμαρίτης,4541,false","1. (-η)","α-stamme"
"Σαμαρῖτις,4542,false","3.","ι-stamme"
"Σαμοθρᾴκη,4543,false","1. (-η)","α-stamme"
"Σάμος,4544,false","2.","ο-stamme"
"σανδάλιον,4547,false","2.","ο-stamme"
"σανίς,4548,false","3.","δ-stamme"
"Σάπφιρα,4551,false","1. (-ᾱ)","α-stamme"
"σάπφιρος,4552,false","2.","ο-stamme"
"σαργάνη,4553,false","1. (-η)","α-stamme"
"Σάρδεις,4554,false","3.","ι-stamme"
"σάρδιον,4556,false","2.","ο-stamme"
"σαρδόνυξ,4557,false","3.","χ-stamme"
"Σάρεπτα,4558,false","1. (-ᾰ)","α-stamme"
"σάρξ,4561,false","3.","κ-stamme"
"Σάρρα,4564,false","1. (-ᾱ)","α-stamme"
"Σαρών,4565,false","3.","ν-stamme"
"Σατανᾶς,4567,false","1. (-ᾱ)","α-stamme"
"σάτον,4568,false","2.","ο-stamme"
"Σαῦλος,4569,false","2.","ο-stamme"
"σέβασμα,4574,false","3.","τ-stamme"
"σεισμός,4578,false","2.","ο-stamme"
"Σεκοῦνδος,4580,false","2.","ο-stamme"
"Σελεύκεια,4581,false","1. (-ᾱ)","α-stamme"
"σελήνη,4582,false","1. (-η)","α-stamme"
"σεμίδαλις,4585,false","3.","ι-stamme"
"σεμνότης,4587,false","3.","τ-stamme"
"Σέργιος,4588,false","2.","ο-stamme"
"σημεῖον,4592,false","2.","ο-stamme"
"σής,4597,false","3.","τ-stamme"
"σιαγών,4600,false","3.","ν-stamme"
"σιγή,4602,false","1. (-η)","α-stamme"
"σίδηρος,4604,false","2.","ο-stamme"
"Σιδών,4605,false","3.","ν-stamme"
"Σιδώνιος,4606,false","2.","ο-stamme"
"σικάριος,4607,false","2.","ο-stamme"
"Σιλᾶς,4609,false","1. (-ᾱ)","α-stamme"
"Σιλουανός,4610,false","2.","ο-stamme"
"σιμικίνθιον,4612,false","2.","ο-stamme"
"Σίμων,4613,false","3.","ν-stamme"
"σίναπι,4615,false","3.","ι-stamme"
"σινδών,4616,false","3.","ν-stamme"
"σιρός,4577,true","2.","ο-stamme"
"σιτίον,4621,true","2.","ο-stamme"
"σιτομέτριον,4620,false","2.","ο-stamme"
"σῖτος,4621,false","2.","ο-stamme"
"σκάνδαλον,4625,false","2.","ο-stamme"
"σκάφη,4627,false","1. (-η)","α-stamme"
"σκέλος,4628,false","3.","ς-stamme"
"σκέπασμα,4629,false","3.","τ-stamme"
"Σκευᾶς,4630,false","1. (-ᾱ)","α-stamme"
"σκευή,4631,false","1. (-η)","α-stamme"
"σκεῦος,4632,false","3.","ς-stamme"
"σκηνή,4633,false","1. (-η)","α-stamme"
"σκηνοπηγία,4634,false","1. (-ᾱ)","α-stamme"
"σκηνοποιός,4635,false","2.","ο-stamme"
"σκῆνος,4636,false","3.","ς-stamme"
"σκήνωμα,4638,false","3.","τ-stamme"
"σκιά,4639,false","1. (-ᾱ)","α-stamme"
"σκληροκαρδία,4641,false","1. (-ᾱ)","α-stamme"
"σκληρότης,4643,false","3.","τ-stamme"
"σκόλοψ,4647,false","3.","π-stamme"
"σκοπός,4649,false","2.","ο-stamme"
"σκορπίος,4651,false","2.","ο-stamme"
"σκοτία,4653,false","1. (-ᾱ)","α-stamme"
"σκότος,4655,false","3.","ς-stamme"
"σκύβαλον,4657,false","2.","ο-stamme"
"Σκύθης,4658,false","1. (-η)","α-stamme"
"σκῦλον,4661,false","2.","ο-stamme"
"σκώληξ,4663,false","3.","κ-stamme"
"σμάραγδος,4665,false","2.","ο-stamme"
"σμύρνα,4666,false","1. (-ᾰ)","α-stamme"
"Σμύρνα,4667,false","1. (-ᾰ)","α-stamme"
"Σόδομα,4670,false","3.","τ-stamme"
"Σολομών,4672,false","3.","ν-stamme"
"σορός,4673,false","2.","ο-stamme"
"σουδάριον,4676,false","2.","ο-stamme"
"Σουσάννα,4677,false","1. (-ᾰ)","α-stamme"
"σοφία,4678,false","1. (-ᾱ)","α-stamme"
"Σπανία,4681,false","1. (-ᾱ)","α-stamme"
"σπεῖρα,4686,false","1. (-ᾱ)","α-stamme"
"σπεκουλάτωρ,4688,false","3.","ρ-stamme"
"σπέρμα,4690,false","3.","τ-stamme"
"σπήλαιον,4693,false","2.","ο-stamme"
"σπιλάς,4694,false","3.","δ-stamme"
"σπίλος,4696,false","2.","ο-stamme"
"σπλάγχνον,4698,false","2.","ο-stamme"
"σπόγγος,4699,false","2.","ο-stamme"
"σποδός,4700,false","2.","ο-stamme"
"σπορά,4701,false","1. (-ᾱ)","α-stamme"
"σπόρος,4703,false","2.","ο-stamme"
"σπουδή,4710,false","1. (-η)","α-stamme"
"σπυρίς,4711,false","3.","δ-stamme"
"στάδιον,4712,false","2.","ο-stamme"
"στάμνος,4713,false","2.","ο-stamme"
"στασιαστής,4955,true","1. (-η)","α-stamme"
"στάσις,4714,false","3.","ι-stamme"
"στατήρ,4715,false","3.","ρ-stamme"
"σταυρός,4716,false","2.","ο-stamme"
"σταφυλή,4718,false","1. (-η)","α-stamme"
"στάχυς,4719,false","3.","υ-stamme"
"Στάχυς,4720,false","3.","υ-stamme"
"στέγη,4721,false","1. (-η)","α-stamme"
"στεῖρα,4723,false","1. (-ᾱ)","α-stamme"
"στέμμα,4725,false","3.","τ-stamme"
"στεναγμός,4726,false","2.","ο-stamme"
"στενοχωρία,4730,false","1. (-ᾱ)","α-stamme"
"στερέωμα,4733,false","3.","τ-stamme"
"Στεφανᾶς,4734,false","1. (-ᾱ)","α-stamme"
"στέφανος,4735,false","2.","ο-stamme"
"Στέφανος,4736,false","2.","ο-stamme"
"στῆθος,4738,false","3.","ς-stamme"
"στηριγμός,4740,false","2.","ο-stamme"
"στιβάς,4746,false","3.","δ-stamme"
"στίγμα,4742,false","3.","τ-stamme"
"στιγμή,4743,false","1. (-η)","α-stamme"
"στοά,4745,false","1. (-ᾱ)","α-stamme"
"στοιχεῖον,4747,false","2.","ο-stamme"
"στολή,4749,false","1. (-η)","α-stamme"
"στόμα,4750,false","3.","τ-stamme"
"στόμαχος,4751,false","2.","ο-stamme"
"στρατεία,4752,false","1. (-ᾱ)","α-stamme"
"στράτευμα,4753,false","3.","τ-stamme"
"στρατηγός,4755,false","2.","ο-stamme"
"στρατιά,4756,false","1. (-ᾱ)","α-stamme"
"στρατιώτης,4757,false","1. (-η)","α-stamme"
"στρατόπεδον,4760,false","2.","ο-stamme"
"στρῆνος,4764,false","3.","ς-stamme"
"στρουθίον,4765,false","2.","ο-stamme"
"στῦλος,4769,false","2.","ο-stamme"
"συγγένεια,4772,false","1. (-ᾱ)","α-stamme"
"συγγενίς,4773,true","3.","δ-stamme"
"συγγνώμη,4774,false","1. (-η)","α-stamme"
"συγκατάθεσις,4783,false","3.","ι-stamme"
"συγκληρονόμος,4789,false","2.","ο-stamme"
"συγκοινωνός,4791,false","2.","ο-stamme"
"συγκυρία,4795,false","1. (-ᾱ)","α-stamme"
"σύγχυσις,4799,false","3.","ι-stamme"
"συζητητής,4804,false","1. (-η)","α-stamme"
"συκάμινος,4807,false","2.","ο-stamme"
"συκῆ,4808,false","1. (-η)","α-stamme"
"συκομορέα,4809,false","1. (-ᾱ)","α-stamme"
"σῦκον,4810,false","2.","ο-stamme"
"συμβούλιον,4824,false","2.","ο-stamme"
"σύμβουλος,4825,false","2.","ο-stamme"
"συμμαθητής,4827,false","1. (-η)","α-stamme"
"συμμιμητής,4831,false","1. (-η)","α-stamme"
"συμπολίτης,4847,false","1. (-η)","α-stamme"
"συμπόσιον,4849,false","2.","ο-stamme"
"συμπρεσβύτερος,4850,false","2.","ο-stamme"
"συμφυλέτης,4853,false","2.","ο-stamme"
"συμφώνησις,4857,false","3.","ι-stamme"
"συμφωνία,4858,false","1. (-ᾱ)","α-stamme"
"συναγωγή,4864,false","1. (-η)","α-stamme"
"σύνδεσμος,4886,false","1. (-η)","α-stamme"
"σύνδουλος,4889,false","2.","ο-stamme"
"συνδρομή,4890,false","1. (-η)","α-stamme"
"συνέδριον,4892,false","2.","ο-stamme"
"συνείδησις,4893,false","3.","ι-stamme"
"συνέκδημος,4898,false","2.","ο-stamme"
"σύνεσις,4907,false","3.","ι-stamme"
"συνήθεια,4914,false","1. (-ᾱ)","α-stamme"
"συνηλικιώτης,4915,false","1. (-η)","α-stamme"
"συνοδία,4923,false","1. (-ᾱ)","α-stamme"
"συνοχή,4928,false","1. (-η)","α-stamme"
"συντέλεια,4930,false","1. (-ᾱ)","α-stamme"
"σύντριμμα,4938,false","3.","τ-stamme"
"Συντύχη,4941,false","1. (-η)","α-stamme"
"συνωμοσία,4945,false","1. (-ᾱ)","α-stamme"
"Συράκουσαι,4946,false","1. (-η)","α-stamme"
"Συρία,4947,false","1. (-ᾱ)","α-stamme"
"Σύρος,4948,false","2.","ο-stamme"
"Συροφοινίκισσα,4949,false","1. (-ᾰ)","α-stamme"
"Σύρτις,4950,false","3.","ι-stamme"
"σύσσημον,4953,false","2.","ο-stamme"
"συστρατιώτης,4961,false","1. (-η)","α-stamme"
"συστροφή,4963,false","1. (-η)","α-stamme"
"σφαγή,4967,false","1. (-η)","α-stamme"
"σφάγιον,4968,false","2.","ο-stamme"
"σφραγίς,4973,false","3.","δ-stamme"
"σφυδρόν,4974,true","2.","ο-stamme"
"σχῆμα,4976,false","3.","τ-stamme"
"σχίσμα,4978,false","3.","τ-stamme"
"σχοινίον,4979,false","2.","ο-stamme"
"σχολή,4981,false","1. (-η)","α-stamme"
"σῶμα,4983,false","3.","τ-stamme"
"Σώπατρος,4986,false","2.","ο-stamme"
"Σωσθένης,4988,false","3.","ς-stamme"
"Σωσίπατρος,4989,false","2.","ο-stamme"
"σωτήρ,4990,false","3.","ρ-stamme"
"σωτηρία,4991,false","1. (-ᾱ)","α-stamme"
"σωφρονισμός,4995,false","2.","ο-stamme"
"σωφροσύνη,4997,false","1. (-η)","α-stamme"
"ταβέρνη,4999,false","1. (-η)","α-stamme"
"τάγμα,5001,false","3.","τ-stamme"
"ταλαιπωρία,5004,false","1. (-ᾱ)","α-stamme"
"τάλαντον,5007,false","2.","ο-stamme"
"ταμεῖον,5009,false","2.","ο-stamme"
"τάξις,5010,false","3.","ι-stamme"
"ταπεινοφροσύνη,5012,false","1. (-η)","α-stamme"
"ταπείνωσις,5014,false","3.","ι-stamme"
"ταραχή,5016,false","1. (-η)","α-stamme"
"τάραχος,5017,false","2.","ο-stamme"
"Ταρσεύς,5018,false","3.","ευ-stamme"
"Ταρσός,5019,false","2.","ο-stamme"
"ταῦρος,5022,false","2.","ο-stamme"
"ταφή,5027,false","1. (-η)","α-stamme"
"τάφος,5028,false","2.","ο-stamme"
"τάχος,5034,false","3.","ς-stamme"
"τεῖχος,5038,false","3.","ς-stamme"
"τεκμήριον,5039,false","2.","ο-stamme"
"τεκνίον,5040,false","2.","ο-stamme"
"τεκνογονία,5042,false","1. (-ᾱ)","α-stamme"
"τέκνον,5043,false","2.","ο-stamme"
"τέκτων,5045,false","3.","ν-stamme"
"τελειότης,5047,false","3.","τ-stamme"
"τελείωσις,5050,false","3.","ι-stamme"
"τελειωτής,5051,false","1. (-η)","α-stamme"
"τελευτή,5054,false","1. (-η)","α-stamme"
"τέλος,5056,false","3.","ς-stamme"
"τελώνης,5057,false","1. (-η)","α-stamme"
"τελώνιον,5058,false","2.","ο-stamme"
"τέρας,5059,false","3.","τ-stamme"
"Τέρτιος,5060,false","2.","ο-stamme"
"Τέρτυλλος,5061,false","2.","ο-stamme"
"τετραάρχης,5076,false","1. (-η)","α-stamme"
"τετράδιον,5069,false","2.","ο-stamme"
"τέχνη,5078,false","1. (-η)","α-stamme"
"τεχνίτης,5079,false","1. (-η)","α-stamme"
"τήρησις,5084,false","3.","ι-stamme"
"Τιβεριάς,5085,false","3.","δ-stamme"
"Τιβέριος,5086,false","2.","ο-stamme"
"Τιμαῖος,5090,false","2.","ο-stamme"
"τιμή,5092,false","1. (-η)","α-stamme"
"τιμιότης,5094,false","3.","τ-stamme"
"Τιμόθεος,5095,false","2.","ο-stamme"
"Τίμων,5096,false","3.","ν-stamme"
"τιμωρία,5098,false","1. (-ᾱ)","α-stamme"
"Τίτιος,5103,true","2.","ο-stamme"
"τίτλος,5102,false","2.","ο-stamme"
"Τίτος,5103,false","2.","ο-stamme"
"τοῖχος,5109,false","2.","ο-stamme"
"τόκος,5110,false","2.","ο-stamme"
"τολμητής,5113,false","1. (-η)","α-stamme"
"τόξον,5115,false","2.","ο-stamme"
"τοπάζιον,5116,false","2.","ο-stamme"
"τόπος,5117,false","2.","ο-stamme"
"τράγος,5131,false","2.","ο-stamme"
"τράπεζα,5132,false","1. (-ᾰ)","α-stamme"
"τραπεζίτης,5133,false","1. (-η)","α-stamme"
"τραῦμα,5134,false","3.","τ-stamme"
"τράχηλος,5137,false","2.","ο-stamme"
"Τραχωνῖτις,5139,false","3.","ι-stamme"
"τρῆμα,5169,true","3.","τ-stamme"
"τρίβολος,5146,false","2.","ο-stamme"
"τρίβος,5147,false","2.","ο-stamme"
"τριετία,5148,false","1. (-ᾱ)","α-stamme"
"τρίστεγον,5152,false","2.","ο-stamme"
"τρόμος,5156,false","2.","ο-stamme"
"τροπή,5157,false","1. (-η)","α-stamme"
"τρόπος,5158,false","2.","ο-stamme"
"τροφή,5160,false","1. (-η)","α-stamme"
"Τρόφιμος,5161,false","2.","ο-stamme"
"τροφός,5162,false","2.","ο-stamme"
"τροχιά,5163,false","1. (-ᾱ)","α-stamme"
"τροχός,5164,false","2.","ο-stamme"
"τρύβλιον,5165,false","2.","ο-stamme"
"τρυγών,5167,false","3.","ν-stamme"
"τρυμαλιά,5168,false","1. (-ᾱ)","α-stamme"
"Τρύφαινα,5170,false","1. (-ᾰ)","α-stamme"
"τρυφή,5172,false","1. (-η)","α-stamme"
"Τρυφῶσα,5173,false","1. (-ᾰ)","α-stamme"
"Τρῳάς,5174,false","3.","δ-stamme"
"τύπος,5179,false","2.","ο-stamme"
"Τύραννος,5181,false","2.","ο-stamme"
"Τύριος,5183,false","2.","ο-stamme"
"Τύρος,5184,false","2.","ο-stamme"
"Τυχικός,5190,false","2.","ο-stamme"
"ὑάκινθος,5192,false","2.","ο-stamme"
"ὕαλος,5194,false","2.","ο-stamme"
"ὕβρις,5196,false","3.","ι-stamme"
"ὑβριστής,5197,false","1. (-η)","α-stamme"
"ὑδρία,5201,false","1. (-ᾱ)","α-stamme"
"ὕδωρ,5204,false","3.","ρ-stamme"
"ὑετός,5205,false","2.","ο-stamme"
"υἱοθεσία,5206,false","1. (-ᾱ)","α-stamme"
"υἱός,5207,false","2.","ο-stamme"
"ὕλη,5208,false","1. (-η)","α-stamme"
"Ὑμέναιος,5211,false","2.","ο-stamme"
"ὕμνος,5215,false","2.","ο-stamme"
"ὑπακοή,5218,false","1. (-η)","α-stamme"
"ὑπάντησις,5222,false","3.","ι-stamme"
"ὕπαρξις,5223,false","3.","ι-stamme"
"ὑπερβολή,5236,false","1. (-η)","α-stamme"
"ὑπερηφανία,5243,false","1. (-ᾱ)","α-stamme"
"ὑπεροχή,5247,false","1. (-η)","α-stamme"
"ὑπερῷον,5253,false","2.","ο-stamme"
"ὑπηρέτης,5257,false","1. (-η)","α-stamme"
"ὕπνος,5258,false","2.","ο-stamme"
"ὑπογραμμός,5261,false","2.","ο-stamme"
"ὑπόδειγμα,5262,false","3.","τ-stamme"
"ὑπόδημα,5266,false","3.","τ-stamme"
"ὑποζύγιον,5268,false","2.","ο-stamme"
"ὑπόκρισις,5272,false","3.","ι-stamme"
"ὑποκριτής,5273,false","2.","ο-stamme"
"ὑπόλειμμα,5275,true","3.","τ-stamme"
"ὑπολήνιον,5276,false","2.","ο-stamme"
"ὑπόμνησις,5280,false","3.","ι-stamme"
"ὑπομονή,5281,false","1. (-η)","α-stamme"
"ὑπόνοια,5283,false","1. (-ᾱ)","α-stamme"
"ὑποπόδιον,5286,false","2.","ο-stamme"
"ὑπόστασις,5287,false","3.","ι-stamme"
"ὑποστολή,5289,false","1. (-η)","α-stamme"
"ὑποταγή,5292,false","1. (-η)","α-stamme"
"ὑποτύπωσις,5296,false","3.","ι-stamme"
"ὗς,5300,false","3.","υ-stamme"
"ὕσσωπος,5301,false","2.","ο-stamme"
"ὑστέρημα,5303,false","3.","τ-stamme"
"ὑστέρησις,5304,false","3.","ι-stamme"
"ὕψος,5311,false","3.","ς-stamme"
"ὕψωμα,5313,false","3.","τ-stamme"
"φάγος,5314,false","2.","ο-stamme"
"φαιλόνης,5341,false","1. (-η)","α-stamme"
"φανέρωσις,5321,false","3.","ι-stamme"
"φανός,5322,false","2.","ο-stamme"
"φαντασία,5325,false","1. (-ᾱ)","α-stamme"
"φάντασμα,5326,false","3.","τ-stamme"
"φάραγξ,5327,false","3.","γ-stamme"
"Φαρισαῖος,5330,false","2.","ο-stamme"
"φαρμακεία,5331,false","1. (-ᾱ)","α-stamme"
"φάρμακος,5333,false","2.","ο-stamme"
"φάσις,5334,false","3.","ι-stamme"
"φάτνη,5336,false","1. (-η)","α-stamme"
"φέγγος,5338,false","3.","ς-stamme"
"Φῆλιξ,5344,false","3.","κ-stamme"
"φήμη,5345,false","1. (-η)","α-stamme"
"Φῆστος,5347,false","2.","ο-stamme"
"φθόγγος,5353,false","2.","ο-stamme"
"φθόνος,5355,false","2.","ο-stamme"
"φθορά,5356,false","1. (-ᾱ)","α-stamme"
"φιάλη,5357,false","1. (-η)","α-stamme"
"Φιλαδέλφεια,5359,false","1. (-ᾱ)","α-stamme"
"φιλαδελφία,5360,false","1. (-ᾱ)","α-stamme"
"φιλανθρωπία,5363,false","1. (-ᾱ)","α-stamme"
"φιλαργυρία,5365,false","1. (-ᾱ)","α-stamme"
"φίλημα,5370,false","3.","τ-stamme"
"Φιλήμων,5371,false","3.","ν-stamme"
"Φίλητος,5372,false","2.","ο-stamme"
"φιλία,5373,false","1. (-ᾱ)","α-stamme"
"Φιλιππήσιος,5374,false","2.","ο-stamme"
"Φίλιπποι,5375,false","2.","ο-stamme"
"Φίλιππος,5376,false","2.","ο-stamme"
"Φιλόλογος,5378,false","2.","ο-stamme"
"φιλονεικία,5379,false","1. (-ᾱ)","α-stamme"
"φιλοξενία,5381,false","1. (-ᾱ)","α-stamme"
"φίλος,5384,false","2.","ο-stamme"
"φιλοσοφία,5385,false","1. (-ᾱ)","α-stamme"
"φιλόσοφος,5386,false","2.","ο-stamme"
"Φλέγων,5393,false","3.","ντ-stamme"
"φλόξ,5395,false","3.","γ-stamme"
"φόβητρον,5400,false","2.","ο-stamme"
"φόβος,5401,false","2.","ο-stamme"
"Φοίβη,5402,false","1. (-η)","α-stamme"
"Φοινίκη,5403,false","1. (-η)","α-stamme"
"φοῖνιξ,5404,false","3.","κ-stamme"
"Φοῖνιξ,5405,false","3.","κ-stamme"
"φονεύς,5406,false","3.","ευ-stamme"
"φόνος,5408,false","2.","ο-stamme"
"φόρος,5411,false","2.","ο-stamme"
"φορτίον,5413,false","2.","ο-stamme"
"Φορτουνᾶτος,5415,false","2.","ο-stamme"
"φραγέλλιον,5416,false","2.","ο-stamme"
"φραγμός,5418,false","2.","ο-stamme"
"φρέαρ,5421,false","3.","τ-stamme"
"φρεναπάτης,5423,false","1. (-η)","α-stamme"
"φρήν,5424,false","3.","ν-stamme"
"φρόνημα,5427,false","3.","τ-stamme"
"φρόνησις,5428,false","3.","ι-stamme"
"φρύγανον,5434,false","2.","ο-stamme"
"Φρυγία,5435,false","1. (-ᾱ)","α-stamme"
"Φύγελος,5436,false","2.","ο-stamme"
"φυγή,5437,false","1. (-η)","α-stamme"
"φυλακή,5438,false","1. (-η)","α-stamme"
"φυλακτήριον,5440,false","2.","ο-stamme"
"φύλαξ,5441,false","3.","κ-stamme"
"φυλή,5443,false","1. (-η)","α-stamme"
"φύλλον,5444,false","2.","ο-stamme"
"φύραμα,5445,false","3.","τ-stamme"
"φύσις,5449,false","3.","ι-stamme"
"φυσίωσις,5450,false","3.","ι-stamme"
"φυτεία,5451,false","1. (-ᾱ)","α-stamme"
"φωλεός,5454,false","2.","ο-stamme"
"φωνή,5456,false","1. (-η)","α-stamme"
"φῶς,5457,false","3.","τ-stamme"
"φωστήρ,5458,false","3.","ρ-stamme"
"φωτισμός,5462,false","2.","ο-stamme"
"χάλαζα,5464,false","1. (-ᾰ)","α-stamme"
"Χαλδαῖος,5466,false","2.","ο-stamme"
"χαλινός,5469,false","2.","ο-stamme"
"χαλκεύς,5471,false","3.","ευ-stamme"
"χαλκηδών,5472,false","3.","ν-stamme"
"χαλκίον,5473,false","2.","ο-stamme"
"χαλκολίβανον,5474,false","2.","ο-stamme"
"χαλκός,5475,false","2.","ο-stamme"
"χαρά,5479,false","1. (-ᾱ)","α-stamme"
"χάραγμα,5480,false","3.","τ-stamme"
"χαρακτήρ,5481,false","3.","ρ-stamme"
"χάραξ,5482,false","3.","κ-stamme"
"χάρις,5485,false","3.","ι-stamme"
"χάρισμα,5486,false","3.","τ-stamme"
"χάρτης,5489,false","2.","ο-stamme"
"χάσμα,5490,false","3.","τ-stamme"
"χεῖλος,5491,false","3.","ς-stamme"
"χείμαρρος,5493,false","2.","ο-stamme"
"χειμών,5494,false","3.","ν-stamme"
"χείρ,5495,false","3.","ρ-stamme"
"χειραγωγός,5497,false","2.","ο-stamme"
"χειρόγραφον,5498,false","2.","ο-stamme"
"χῆρος,5503,false","2.","ο-stamme"
"χιλίαρχος,5506,false","2.","ο-stamme"
"χιλιάς,5505,false","3.","δ-stamme"
"Χίος,5508,false","2.","ο-stamme"
"χιτών,5509,false","3.","ν-stamme"
"χιών,5510,false","3.","ν-stamme"
"χλαμύς,5511,false","3.","υ-stamme"
"Χλόη,5514,false","1. (-η)","α-stamme"
"χοῖνιξ,5518,false","3.","κ-stamme"
"χοῖρος,5519,false","2.","ο-stamme"
"χολή,5521,false","1. (-η)","α-stamme"
"χορός,5525,false","2.","ο-stamme"
"χόρτασμα,5527,false","3.","τ-stamme"
"χόρτος,5528,false","2.","ο-stamme"
"Χουζᾶς,5529,false","1. (-ᾱ)","α-stamme"
"χοῦς,5522,false","3.","ου-stamme"
"χρεία,5532,false","1. (-ᾱ)","α-stamme"
"χρεοφειλέτης,5533,false","1. (-η)","α-stamme"
"χρῆμα,5536,false","3.","τ-stamme"
"χρηματισμός,5538,false","2.","ο-stamme"
"χρῆσις,5540,false","3.","ι-stamme"
"χρηστολογία,5542,false","1. (-ᾱ)","α-stamme"
"χρηστότης,5544,false","3.","τ-stamme"
"χρῖσμα,5545,false","3.","τ-stamme"
"Χριστιανός,5546,false","2.","ο-stamme"
"Χριστός,5547,false","2.","ο-stamme"
"χρόνος,5550,false","2.","ο-stamme"
"χρυσίον,5553,false","2.","ο-stamme"
"χρυσόλιθος,5555,false","2.","ο-stamme"
"χρυσόπρασος,5556,false","2.","ο-stamme"
"χρυσός,5557,false","2.","ο-stamme"
"χρώς,5559,false","3.","τ-stamme"
"χώρα,5561,false","1. (-ᾱ)","α-stamme"
"χωρίον,5564,false","2.","ο-stamme"
"χῶρος (II),5566,false","2.","ο-stamme"
"ψαλμός,5568,false","2.","ο-stamme"
"ψευδάδελφος,5569,false","2.","ο-stamme"
"ψευδαπόστολος,5570,false","2.","ο-stamme"
"ψευδοδιδάσκαλος,5572,false","2.","ο-stamme"
"ψευδομαρτυρία,5577,false","1. (-ᾱ)","α-stamme"
"ψευδόμαρτυς,5575,false","3.","ρ-stamme"
"ψευδοπροφήτης,5578,false","1. (-η)","α-stamme"
"ψεῦδος,5579,false","2.","ο-stamme"
"ψευδόχριστος,5580,false","2.","ο-stamme"
"ψεῦσμα,5582,false","3.","τ-stamme"
"ψεύστης,5583,false","1. (-η)","α-stamme"
"ψῆφος,5586,false","2.","ο-stamme"
"ψιθυρισμός,5587,false","2.","ο-stamme"
"ψιθυριστής,5588,false","1. (-η)","α-stamme"
"ψιχίον,5589,false","2.","ο-stamme"
"ψυχή,5590,false","1. (-η)","α-stamme"
"ψῦχος,5592,false","3.","ς-stamme"
"ψωμίον,5596,false","2.","ο-stamme"
"ᾠδή,5603,false","1. (-η)","α-stamme"
"ὠδίν,5604,false","3.","ν-stamme"
"ὦμος,5606,false","2.","ο-stamme"
"ᾠόν,5609,false","2.","ο-stamme"
"ὥρα,5610,false","1. (-ᾱ)","α-stamme"
"ὠτάριον,5621,true","2.","ο-stamme"
"ὠτίον,5621,false","2.","ο-stamme"
"ὠφέλεια,5622,false","1. (-ᾱ)","α-stamme"
